secteur_activite,revenu_mensuel_estime_fcfa,volume_flux_mobile_money_fcfa,solde_epargne_mobile_fcfa,retards_paiement_6mois,taux_endettement,membre_cooperative_tontine,nb_depots_suspects_24h,ratio_retrait_immediat,changement_sim_recent,defaut_paiement,est_fraude
Commercant_Informel,60000.0,49000.0,8000.0,0,0.64,1,1,0.77,0,0,1
Artisan,337000.0,260000.0,20000.0,0,0.8,1,0,0.28,0,1,0
Salarie_Prive,292000.0,201000.0,50000.0,1,0.58,0,1,0.71,0,1,1
Commercant_Informel,132000.0,158000.0,52000.0,1,0.4,1,1,0.41,0,1,0
Planteur_Cacao,584000.0,420000.0,69000.0,2,0.09,1,0,0.56,0,1,0
Planteur_Cacao,839000.0,919000.0,65000.0,0,0.79,1,0,0.93,0,0,0
Planteur_Cacao,649000.0,496000.0,47000.0,4,0.43,0,0,0.13,0,1,0
Fonctionnaire,465000.0,540000.0,60000.0,1,0.07,1,0,0.55,0,0,0
Salarie_Prive,589000.0,775000.0,104000.0,0,0.6,0,1,0.86,0,1,1
Salarie_Prive,628000.0,803000.0,212000.0,0,0.44,1,1,0.62,0,0,0
Planteur_Cacao,537000.0,677000.0,168000.0,1,0.15,1,0,0.35,0,0,0
Artisan,217000.0,149000.0,42000.0,1,0.22,0,0,0.45,0,1,0
Fonctionnaire,428000.0,252000.0,40000.0,1,0.1,1,0,0.71,0,0,0
Planteur_Cacao,389000.0,466000.0,155000.0,0,0.51,1,1,0.89,0,0,1
Planteur_Cacao,264000.0,229000.0,22000.0,3,0.55,1,2,0.14,0,1,1
Planteur_Cacao,349000.0,326000.0,65000.0,1,0.45,0,2,0.16,0,1,0
Planteur_Cacao,95000.0,51000.0,16000.0,0,0.7,0,0,0.39,0,1,0
Commercant_Informel,271000.0,206000.0,18000.0,3,0.74,0,1,0.31,0,1,0
Commercant_Informel,191000.0,102000.0,6000.0,1,0.54,0,1,0.34,1,1,1
Planteur_Cacao,201000.0,278000.0,99000.0,1,0.06,1,0,0.3,0,0,0
Salarie_Prive,527000.0,392000.0,59000.0,0,0.61,1,0,0.27,0,0,0
Planteur_Cacao,651000.0,688000.0,193000.0,1,0.38,0,0,0.22,0,1,0
Planteur_Cacao,565000.0,305000.0,9000.0,0,0.5,1,0,0.93,0,0,0
Commercant_Informel,139000.0,162000.0,46000.0,0,0.57,1,1,0.23,0,0,0
Commercant_Informel,191000.0,157000.0,22000.0,1,0.33,1,0,0.28,0,1,0
Salarie_Prive,641000.0,896000.0,37000.0,0,0.78,1,0,0.32,0,0,0
Planteur_Cacao,223000.0,310000.0,78000.0,0,0.16,0,0,0.93,0,0,0
Commercant_Informel,260000.0,214000.0,24000.0,0,0.59,1,0,0.77,0,0,0
Commercant_Informel,330000.0,462000.0,77000.0,2,0.05,1,0,0.8,0,0,0
Planteur_Cacao,226000.0,338000.0,17000.0,1,0.79,0,0,0.19,0,1,0
Salarie_Prive,516000.0,684000.0,52000.0,0,0.14,1,0,0.84,1,0,1
Planteur_Cacao,160000.0,215000.0,29000.0,0,0.13,1,0,0.46,0,0,0
Planteur_Cacao,292000.0,219000.0,12000.0,0,0.32,1,0,0.33,0,0,0
Artisan,219000.0,236000.0,86000.0,0,0.35,0,0,0.61,0,0,0
Artisan,104000.0,59000.0,1000.0,2,0.22,0,1,0.83,0,1,1
Fonctionnaire,455000.0,271000.0,55000.0,1,0.52,0,0,0.79,0,1,0
Planteur_Cacao,396000.0,594000.0,40000.0,2,0.4,0,0,0.89,0,1,0
Planteur_Cacao,499000.0,413000.0,57000.0,1,0.08,1,0,0.93,0,0,0
Salarie_Prive,534000.0,666000.0,248000.0,1,0.31,0,0,0.31,0,0,0
Commercant_Informel,403000.0,526000.0,43000.0,0,0.7,0,0,0.48,0,1,0
Planteur_Cacao,423000.0,574000.0,222000.0,1,0.6,1,0,0.11,0,0,0
Commercant_Informel,241000.0,361000.0,35000.0,0,0.63,1,0,0.88,1,0,1
Planteur_Cacao,422000.0,313000.0,94000.0,1,0.61,0,0,0.24,0,1,0
Artisan,233000.0,126000.0,29000.0,1,0.3,0,2,0.87,1,1,1
Planteur_Cacao,409000.0,372000.0,133000.0,1,0.13,0,0,0.39,0,0,0
Salarie_Prive,506000.0,319000.0,74000.0,0,0.27,0,2,0.43,0,0,1
Planteur_Cacao,274000.0,143000.0,32000.0,1,0.72,1,1,0.13,0,1,0
Commercant_Informel,220000.0,190000.0,18000.0,1,0.83,1,0,0.39,0,1,0
Commercant_Informel,154000.0,197000.0,16000.0,0,0.45,1,0,0.89,0,0,0
Planteur_Cacao,715000.0,762000.0,281000.0,1,0.06,1,0,0.12,1,0,1
Artisan,125000.0,102000.0,15000.0,1,0.16,0,0,0.46,0,1,0
Salarie_Prive,396000.0,457000.0,74000.0,0,0.31,1,0,0.13,0,0,0
Artisan,157000.0,115000.0,35000.0,0,0.51,1,1,0.43,0,0,0
Fonctionnaire,492000.0,253000.0,38000.0,0,0.11,1,0,0.25,0,0,0
Commercant_Informel,253000.0,320000.0,122000.0,2,0.8,1,0,0.32,0,1,0
Artisan,275000.0,309000.0,93000.0,1,0.34,1,0,0.88,0,0,0
Planteur_Cacao,279000.0,352000.0,87000.0,1,0.78,1,0,0.49,0,1,0
Planteur_Cacao,450000.0,243000.0,86000.0,2,0.67,1,1,0.34,0,1,0
Planteur_Cacao,250000.0,334000.0,13000.0,3,0.65,1,0,0.62,0,1,0
Planteur_Cacao,786000.0,880000.0,104000.0,1,0.54,0,1,0.23,0,1,0
Commercant_Informel,173000.0,184000.0,36000.0,0,0.55,1,1,0.33,0,0,0
Planteur_Cacao,456000.0,513000.0,54000.0,1,0.56,1,0,0.59,0,1,0
Fonctionnaire,471000.0,642000.0,194000.0,1,0.55,1,0,0.31,0,0,0
Commercant_Informel,317000.0,345000.0,127000.0,1,0.49,1,0,0.7,0,1,0
Planteur_Cacao,367000.0,396000.0,72000.0,0,0.84,1,0,0.54,0,1,0
Commercant_Informel,268000.0,400000.0,60000.0,0,0.64,0,1,0.79,0,0,1
Planteur_Cacao,408000.0,513000.0,198000.0,1,0.67,0,0,0.94,0,1,0
Fonctionnaire,408000.0,385000.0,73000.0,0,0.75,1,1,0.2,0,0,0
Planteur_Cacao,573000.0,692000.0,143000.0,1,0.22,1,0,0.4,0,0,0
Artisan,333000.0,296000.0,45000.0,0,0.12,0,0,0.38,0,0,0
Salarie_Prive,416000.0,303000.0,111000.0,0,0.44,0,1,0.23,0,0,0
Planteur_Cacao,153000.0,168000.0,40000.0,0,0.46,0,0,0.82,0,0,0
Planteur_Cacao,384000.0,549000.0,170000.0,1,0.71,1,1,0.78,0,1,1
Fonctionnaire,626000.0,895000.0,294000.0,0,0.41,1,0,0.53,0,0,0
Salarie_Prive,379000.0,319000.0,48000.0,0,0.51,1,0,0.58,1,0,1
Salarie_Prive,746000.0,767000.0,142000.0,0,0.47,1,0,0.15,0,0,0
Salarie_Prive,752000.0,535000.0,183000.0,1,0.08,1,1,0.59,0,0,0
Planteur_Cacao,300000.0,449000.0,71000.0,0,0.54,1,0,0.8,0,0,0
Commercant_Informel,331000.0,491000.0,158000.0,0,0.71,1,0,0.61,0,0,0
Planteur_Cacao,693000.0,797000.0,301000.0,0,0.18,0,0,0.34,1,0,1
Fonctionnaire,390000.0,508000.0,131000.0,0,0.53,0,0,0.69,0,0,0
Salarie_Prive,469000.0,570000.0,172000.0,3,0.52,1,0,0.42,0,1,0
Planteur_Cacao,295000.0,323000.0,105000.0,1,0.18,0,1,0.58,0,0,1
Planteur_Cacao,217000.0,120000.0,41000.0,3,0.15,1,0,0.53,1,1,1
Planteur_Cacao,283000.0,270000.0,46000.0,0,0.83,0,0,0.44,0,1,0
Planteur_Cacao,180000.0,211000.0,8000.0,3,0.36,1,1,0.74,0,1,1
Salarie_Prive,505000.0,595000.0,103000.0,0,0.23,1,1,0.89,0,0,1
Salarie_Prive,385000.0,336000.0,93000.0,0,0.19,1,1,0.1,0,0,0
Fonctionnaire,439000.0,632000.0,121000.0,1,0.58,1,1,0.93,0,1,1
Commercant_Informel,140000.0,93000.0,28000.0,0,0.54,0,0,0.56,0,1,0
Planteur_Cacao,460000.0,460000.0,72000.0,1,0.56,1,1,0.72,0,1,1
Salarie_Prive,625000.0,744000.0,194000.0,1,0.12,1,0,0.86,1,0,1
Salarie_Prive,201000.0,241000.0,22000.0,1,0.76,1,1,0.52,0,1,0
Commercant_Informel,314000.0,360000.0,110000.0,2,0.36,1,1,0.84,0,1,1
Salarie_Prive,684000.0,530000.0,121000.0,0,0.3,1,0,0.26,0,0,0
Commercant_Informel,171000.0,112000.0,11000.0,0,0.42,0,1,0.24,0,0,0
Commercant_Informel,431000.0,489000.0,64000.0,2,0.36,0,1,0.69,0,1,1
Commercant_Informel,318000.0,349000.0,106000.0,1,0.74,0,1,0.87,0,1,1
Planteur_Cacao,273000.0,186000.0,38000.0,2,0.79,0,0,0.89,0,1,0
Planteur_Cacao,390000.0,470000.0,48000.0,0,0.29,1,1,0.67,0,0,0
Planteur_Cacao,500000.0,478000.0,185000.0,0,0.74,0,1,0.57,0,0,1
Salarie_Prive,511000.0,597000.0,174000.0,1,0.68,1,2,0.39,0,1,1
Planteur_Cacao,497000.0,665000.0,255000.0,0,0.79,0,0,0.97,0,0,0
Commercant_Informel,197000.0,132000.0,24000.0,0,0.25,1,0,0.38,0,0,0
Artisan,210000.0,109000.0,22000.0,0,0.51,0,0,0.76,0,0,0
Planteur_Cacao,146000.0,186000.0,67000.0,1,0.27,0,0,0.57,0,0,0
Commercant_Informel,270000.0,300000.0,66000.0,0,0.71,0,0,0.64,0,1,0
Salarie_Prive,364000.0,437000.0,126000.0,2,0.05,0,0,0.45,1,1,1
Planteur_Cacao,268000.0,358000.0,41000.0,0,0.5,0,0,0.96,0,0,0
Planteur_Cacao,622000.0,811000.0,154000.0,2,0.32,0,0,0.61,1,1,1
Planteur_Cacao,596000.0,871000.0,58000.0,0,0.31,1,1,0.93,0,0,1
Planteur_Cacao,510000.0,528000.0,52000.0,0,0.57,1,0,0.11,0,0,0
Artisan,134000.0,133000.0,3000.0,1,0.73,1,1,0.61,0,1,0
Fonctionnaire,395000.0,356000.0,12000.0,0,0.54,1,1,0.74,0,0,1
Salarie_Prive,682000.0,446000.0,174000.0,1,0.73,1,0,0.76,0,1,0
Fonctionnaire,431000.0,463000.0,52000.0,0,0.26,1,1,0.91,0,0,1
Fonctionnaire,606000.0,471000.0,128000.0,0,0.47,1,0,0.1,0,0,0
Planteur_Cacao,471000.0,669000.0,227000.0,1,0.41,0,1,0.1,0,1,0
Fonctionnaire,435000.0,472000.0,108000.0,0,0.06,0,0,0.52,0,0,0
Commercant_Informel,252000.0,276000.0,22000.0,1,0.5,1,0,0.13,1,1,0
Fonctionnaire,431000.0,368000.0,109000.0,2,0.58,1,0,0.97,0,1,0
Fonctionnaire,408000.0,225000.0,56000.0,0,0.52,1,0,0.3,0,0,0
Planteur_Cacao,527000.0,280000.0,84000.0,2,0.64,1,1,0.52,0,1,0
Planteur_Cacao,572000.0,528000.0,165000.0,1,0.51,0,0,0.15,0,1,0
Planteur_Cacao,259000.0,151000.0,59000.0,1,0.1,1,0,0.56,0,0,0
Commercant_Informel,160000.0,177000.0,42000.0,0,0.14,1,3,0.44,0,0,1
Fonctionnaire,273000.0,377000.0,57000.0,0,0.53,0,2,0.14,0,0,1
Fonctionnaire,461000.0,637000.0,170000.0,0,0.27,0,0,0.4,0,0,0
Planteur_Cacao,201000.0,233000.0,11000.0,1,0.11,1,0,0.45,1,0,1
Commercant_Informel,86000.0,61000.0,22000.0,0,0.39,0,0,0.98,0,0,0
Commercant_Informel,315000.0,429000.0,28000.0,0,0.49,1,0,0.29,0,0,0
Planteur_Cacao,849000.0,1176000.0,170000.0,2,0.31,1,0,0.58,0,1,0
Planteur_Cacao,399000.0,278000.0,92000.0,0,0.63,1,0,0.98,0,0,0
Planteur_Cacao,551000.0,682000.0,168000.0,0,0.57,1,1,0.8,0,0,1
Artisan,205000.0,161000.0,27000.0,2,0.32,1,1,0.98,0,1,1
Planteur_Cacao,382000.0,498000.0,100000.0,1,0.65,1,3,0.96,0,1,1
Commercant_Informel,363000.0,543000.0,187000.0,1,0.57,0,0,0.54,0,1,0
Salarie_Prive,456000.0,242000.0,36000.0,0,0.56,0,0,0.72,0,1,0
Commercant_Informel,304000.0,425000.0,149000.0,0,0.49,1,2,0.2,0,0,1
Artisan,219000.0,246000.0,13000.0,2,0.06,1,0,0.49,0,1,0
Artisan,160000.0,236000.0,74000.0,2,0.61,0,0,0.82,0,1,0
Planteur_Cacao,579000.0,558000.0,191000.0,0,0.35,1,0,0.55,0,0,0
Commercant_Informel,264000.0,356000.0,32000.0,0,0.8,0,0,0.73,0,1,0
Planteur_Cacao,264000.0,148000.0,27000.0,1,0.7,1,0,0.76,0,1,0
Planteur_Cacao,497000.0,415000.0,34000.0,0,0.52,1,0,0.33,0,0,0
Planteur_Cacao,238000.0,135000.0,39000.0,1,0.25,1,1,0.88,0,0,1
Salarie_Prive,504000.0,744000.0,166000.0,0,0.21,1,0,0.51,0,0,0
Commercant_Informel,279000.0,368000.0,96000.0,0,0.32,1,1,0.29,0,0,0
Planteur_Cacao,595000.0,805000.0,76000.0,0,0.43,1,0,0.87,0,0,0
Planteur_Cacao,485000.0,698000.0,70000.0,1,0.29,1,0,0.47,0,0,0
Artisan,198000.0,116000.0,4000.0,0,0.46,1,0,0.77,0,0,0
Planteur_Cacao,547000.0,485000.0,69000.0,2,0.18,1,0,0.59,0,1,0
Planteur_Cacao,650000.0,371000.0,86000.0,1,0.83,1,0,0.44,0,1,0
Commercant_Informel,330000.0,235000.0,81000.0,0,0.14,1,0,0.82,0,0,0
Artisan,201000.0,146000.0,40000.0,1,0.8,1,0,0.62,0,1,0
Planteur_Cacao,164000.0,159000.0,29000.0,1,0.78,1,0,0.45,0,1,0
Salarie_Prive,340000.0,261000.0,100000.0,2,0.47,1,1,0.2,0,1,0
Salarie_Prive,454000.0,273000.0,80000.0,0,0.63,0,1,0.9,0,1,1
Planteur_Cacao,290000.0,194000.0,72000.0,2,0.4,1,0,0.13,0,1,0
Salarie_Prive,472000.0,305000.0,67000.0,1,0.55,0,1,0.87,0,1,1
Commercant_Informel,285000.0,420000.0,50000.0,0,0.32,1,0,0.42,0,0,0
Salarie_Prive,579000.0,730000.0,29000.0,3,0.29,1,0,0.67,0,1,0
Salarie_Prive,489000.0,718000.0,213000.0,0,0.51,1,0,0.92,0,0,0
Commercant_Informel,324000.0,304000.0,20000.0,1,0.45,0,2,0.24,0,1,1
Planteur_Cacao,412000.0,320000.0,43000.0,0,0.51,1,0,0.6,0,0,0
Fonctionnaire,262000.0,340000.0,76000.0,0,0.28,1,0,0.78,0,0,0
Planteur_Cacao,231000.0,191000.0,45000.0,0,0.34,1,3,0.77,0,0,1
Planteur_Cacao,374000.0,299000.0,74000.0,0,0.12,1,1,0.57,0,0,1
Planteur_Cacao,182000.0,134000.0,11000.0,0,0.09,1,0,0.66,0,0,0
Commercant_Informel,334000.0,210000.0,35000.0,0,0.25,1,1,0.77,0,0,1
Salarie_Prive,730000.0,552000.0,140000.0,0,0.11,1,1,0.85,0,0,1
Planteur_Cacao,619000.0,530000.0,206000.0,1,0.13,1,1,0.78,0,0,1
Commercant_Informel,261000.0,306000.0,91000.0,0,0.7,1,0,0.42,0,0,0
Planteur_Cacao,668000.0,376000.0,139000.0,3,0.08,0,0,0.99,0,1,0
Salarie_Prive,522000.0,371000.0,115000.0,1,0.58,0,0,0.49,0,1,0
Planteur_Cacao,339000.0,444000.0,109000.0,0,0.27,1,0,0.12,0,0,0
Salarie_Prive,408000.0,264000.0,25000.0,0,0.75,0,0,0.42,0,1,0
Commercant_Informel,253000.0,213000.0,58000.0,1,0.44,0,0,0.21,0,1,0
Artisan,177000.0,241000.0,62000.0,0,0.29,1,0,0.21,0,0,0
Planteur_Cacao,431000.0,282000.0,70000.0,0,0.46,1,0,0.35,0,0,0
Planteur_Cacao,429000.0,250000.0,52000.0,2,0.36,0,0,0.15,0,1,0
Planteur_Cacao,401000.0,394000.0,87000.0,1,0.5,1,2,0.71,0,1,1
Artisan,226000.0,182000.0,27000.0,1,0.14,1,0,0.17,0,0,0
Fonctionnaire,515000.0,548000.0,119000.0,1,0.85,0,1,0.28,0,1,0
Planteur_Cacao,571000.0,744000.0,71000.0,1,0.39,1,0,0.18,0,1,0
Salarie_Prive,277000.0,177000.0,58000.0,0,0.33,0,0,0.16,0,0,0
Fonctionnaire,216000.0,233000.0,21000.0,0,0.62,0,0,0.34,0,1,0
Commercant_Informel,364000.0,366000.0,19000.0,1,0.34,0,0,0.61,0,1,0
Commercant_Informel,157000.0,101000.0,19000.0,1,0.72,1,0,0.96,0,1,0
Planteur_Cacao,360000.0,404000.0,109000.0,2,0.41,1,0,0.88,0,1,0
Planteur_Cacao,189000.0,147000.0,27000.0,1,0.63,1,0,0.88,0,1,0
Fonctionnaire,276000.0,272000.0,34000.0,0,0.14,1,0,0.26,0,0,0
Artisan,232000.0,135000.0,31000.0,1,0.73,1,0,0.34,1,1,1
Salarie_Prive,614000.0,589000.0,89000.0,1,0.64,1,0,0.17,1,1,0
Planteur_Cacao,296000.0,239000.0,89000.0,0,0.22,1,0,0.79,1,0,1
Planteur_Cacao,60000.0,79000.0,29000.0,0,0.17,1,1,0.16,0,0,0
Salarie_Prive,418000.0,233000.0,49000.0,0,0.3,1,0,0.6,0,0,0
Fonctionnaire,451000.0,415000.0,60000.0,2,0.83,0,0,0.32,0,1,0
Fonctionnaire,302000.0,289000.0,87000.0,2,0.26,0,1,0.32,0,1,0
Salarie_Prive,528000.0,646000.0,22000.0,0,0.41,0,0,0.98,0,0,0
Salarie_Prive,498000.0,535000.0,107000.0,3,0.07,1,1,0.77,0,1,1
Planteur_Cacao,504000.0,589000.0,87000.0,0,0.37,0,1,0.84,0,0,1
Planteur_Cacao,422000.0,538000.0,199000.0,0,0.51,0,3,0.61,0,0,1
Fonctionnaire,342000.0,466000.0,11000.0,0,0.81,1,0,0.88,0,1,0
Salarie_Prive,679000.0,553000.0,127000.0,0,0.46,1,1,0.67,0,0,1
Planteur_Cacao,371000.0,386000.0,116000.0,1,0.71,1,1,0.94,0,1,1
Planteur_Cacao,395000.0,529000.0,108000.0,1,0.49,1,1,0.35,0,1,0
Salarie_Prive,360000.0,536000.0,28000.0,1,0.08,1,0,0.63,0,1,0
Planteur_Cacao,320000.0,445000.0,173000.0,0,0.3,1,0,0.71,0,0,0
Planteur_Cacao,241000.0,210000.0,45000.0,0,0.51,0,0,0.45,0,1,0
Commercant_Informel,264000.0,184000.0,47000.0,2,0.81,1,1,0.88,0,1,1
Salarie_Prive,757000.0,749000.0,82000.0,0,0.74,1,0,0.97,0,0,0
Salarie_Prive,294000.0,365000.0,74000.0,1,0.23,0,0,0.54,0,1,0
Planteur_Cacao,110000.0,109000.0,20000.0,0,0.23,1,0,0.45,0,0,0
Salarie_Prive,721000.0,709000.0,34000.0,2,0.21,0,0,0.52,0,1,0
Planteur_Cacao,362000.0,485000.0,29000.0,0,0.79,1,0,0.86,0,0,0
Planteur_Cacao,280000.0,241000.0,81000.0,1,0.73,0,0,0.67,0,1,0
Salarie_Prive,656000.0,892000.0,99000.0,0,0.67,1,2,0.14,0,0,1
Salarie_Prive,409000.0,371000.0,35000.0,1,0.36,1,0,0.58,0,1,0
Fonctionnaire,566000.0,469000.0,99000.0,0,0.45,1,0,0.12,0,0,0
Salarie_Prive,602000.0,574000.0,179000.0,2,0.42,0,1,0.79,1,1,1
Commercant_Informel,236000.0,298000.0,13000.0,1,0.25,0,0,0.39,0,1,0
Planteur_Cacao,788000.0,493000.0,118000.0,0,0.45,1,0,0.52,1,0,1
Commercant_Informel,225000.0,157000.0,10000.0,1,0.07,0,1,0.81,0,1,1
Planteur_Cacao,534000.0,774000.0,26000.0,0,0.16,1,0,0.14,0,0,0
Planteur_Cacao,454000.0,307000.0,12000.0,0,0.76,1,2,0.24,0,1,1
Artisan,278000.0,297000.0,100000.0,0,0.65,0,0,0.45,1,0,1
Commercant_Informel,421000.0,454000.0,29000.0,1,0.39,1,2,0.3,0,0,1
Fonctionnaire,423000.0,418000.0,16000.0,1,0.46,1,1,0.4,0,1,0
Salarie_Prive,387000.0,443000.0,83000.0,0,0.35,0,0,0.99,0,0,0
Salarie_Prive,569000.0,415000.0,141000.0,0,0.64,0,0,0.83,0,0,0
Commercant_Informel,219000.0,231000.0,28000.0,0,0.68,0,1,0.89,0,0,1
Commercant_Informel,461000.0,402000.0,73000.0,0,0.66,0,0,0.93,0,0,0
Commercant_Informel,292000.0,340000.0,12000.0,3,0.63,1,0,0.4,0,1,0
Planteur_Cacao,334000.0,214000.0,41000.0,1,0.21,0,1,0.36,0,1,0
Salarie_Prive,528000.0,565000.0,135000.0,0,0.32,1,1,0.31,0,0,0
Planteur_Cacao,158000.0,108000.0,26000.0,2,0.43,0,0,0.84,1,1,1
Planteur_Cacao,225000.0,175000.0,26000.0,0,0.31,1,0,0.7,0,0,0
Salarie_Prive,680000.0,489000.0,68000.0,0,0.65,1,0,0.31,0,0,0
Planteur_Cacao,282000.0,192000.0,12000.0,1,0.31,1,0,0.44,0,1,0
Artisan,137000.0,182000.0,29000.0,1,0.16,1,0,0.55,0,0,0
Artisan,232000.0,182000.0,11000.0,0,0.37,1,0,0.57,0,1,0
Artisan,271000.0,387000.0,120000.0,0,0.83,0,1,0.89,0,0,1
Commercant_Informel,345000.0,507000.0,196000.0,1,0.23,0,0,0.44,0,0,0
Planteur_Cacao,579000.0,621000.0,241000.0,3,0.54,1,0,0.91,0,1,0
Artisan,155000.0,99000.0,35000.0,1,0.4,0,0,0.49,0,1,0
Commercant_Informel,152000.0,133000.0,33000.0,1,0.11,1,0,0.76,0,0,0
Artisan,290000.0,376000.0,108000.0,0,0.44,1,1,0.93,0,0,1
Artisan,181000.0,157000.0,20000.0,0,0.61,1,1,0.91,0,0,1
Fonctionnaire,400000.0,235000.0,61000.0,0,0.46,0,0,0.15,0,0,0
Planteur_Cacao,639000.0,675000.0,130000.0,0,0.75,0,0,0.28,0,1,0
Commercant_Informel,330000.0,444000.0,90000.0,1,0.28,1,0,0.52,0,0,0
Fonctionnaire,456000.0,592000.0,182000.0,0,0.12,1,0,0.48,1,0,1
Planteur_Cacao,790000.0,533000.0,68000.0,1,0.8,1,0,0.67,0,1,0
Planteur_Cacao,284000.0,333000.0,47000.0,0,0.35,1,0,0.94,0,0,0
Commercant_Informel,364000.0,262000.0,97000.0,0,0.51,1,1,0.2,0,0,0
Artisan,203000.0,146000.0,6000.0,0,0.68,1,0,0.5,0,1,0
Salarie_Prive,540000.0,742000.0,152000.0,0,0.31,0,0,0.27,0,0,0
Commercant_Informel,418000.0,313000.0,115000.0,2,0.62,0,1,0.9,0,1,1
Planteur_Cacao,491000.0,375000.0,94000.0,0,0.16,1,0,0.96,0,0,0
Salarie_Prive,581000.0,291000.0,66000.0,0,0.28,1,1,0.53,0,0,0
Artisan,264000.0,362000.0,42000.0,1,0.17,1,0,0.19,0,1,0
Planteur_Cacao,334000.0,432000.0,65000.0,0,0.7,0,0,0.8,1,1,1
Commercant_Informel,204000.0,231000.0,79000.0,1,0.23,0,0,0.72,0,1,0
Fonctionnaire,336000.0,421000.0,98000.0,0,0.62,0,0,0.42,0,1,0
Salarie_Prive,205000.0,134000.0,29000.0,0,0.8,1,0,0.89,0,0,0
Salarie_Prive,808000.0,775000.0,45000.0,3,0.47,0,0,0.97,0,1,0
Salarie_Prive,335000.0,285000.0,7000.0,2,0.48,1,0,0.6,0,1,0
Commercant_Informel,260000.0,154000.0,60000.0,0,0.42,1,0,0.6,0,0,0
Planteur_Cacao,350000.0,345000.0,56000.0,1,0.31,1,1,0.36,0,1,0
Fonctionnaire,445000.0,632000.0,157000.0,0,0.43,1,0,0.62,0,0,0
Fonctionnaire,485000.0,262000.0,13000.0,1,0.53,0,1,0.49,0,1,1
Fonctionnaire,489000.0,387000.0,108000.0,1,0.84,0,1,0.37,1,1,1
Artisan,165000.0,117000.0,44000.0,1,0.8,1,1,0.16,0,1,0
Commercant_Informel,265000.0,196000.0,47000.0,1,0.74,1,0,0.32,0,1,0
Commercant_Informel,305000.0,430000.0,29000.0,0,0.76,1,0,0.28,0,1,0
Salarie_Prive,463000.0,448000.0,108000.0,1,0.42,1,1,0.58,0,0,0
Salarie_Prive,741000.0,716000.0,223000.0,2,0.58,1,0,0.64,0,1,0
Salarie_Prive,574000.0,723000.0,126000.0,0,0.77,0,0,0.64,0,1,0
Salarie_Prive,610000.0,399000.0,142000.0,0,0.36,0,0,0.45,0,0,0
Fonctionnaire,473000.0,467000.0,124000.0,1,0.82,0,1,0.47,0,1,1
Planteur_Cacao,611000.0,568000.0,206000.0,0,0.38,0,0,0.84,0,0,0
Commercant_Informel,296000.0,325000.0,84000.0,0,0.53,1,1,0.52,0,0,1
Planteur_Cacao,167000.0,250000.0,17000.0,1,0.62,1,1,0.98,0,0,1
Commercant_Informel,316000.0,401000.0,55000.0,0,0.81,1,2,0.49,0,0,1
Planteur_Cacao,283000.0,254000.0,25000.0,3,0.25,1,0,0.68,0,1,0
Commercant_Informel,232000.0,309000.0,113000.0,0,0.65,0,0,0.14,1,0,1
Commercant_Informel,333000.0,223000.0,69000.0,1,0.47,1,0,0.68,0,1,0
Planteur_Cacao,623000.0,330000.0,92000.0,2,0.26,1,0,0.86,0,1,0
Commercant_Informel,282000.0,199000.0,27000.0,2,0.67,1,0,0.94,0,1,0
Planteur_Cacao,456000.0,383000.0,34000.0,1,0.49,0,1,0.99,0,1,1
Planteur_Cacao,706000.0,714000.0,219000.0,0,0.58,1,0,0.35,0,0,0
Fonctionnaire,439000.0,490000.0,98000.0,0,0.31,0,0,0.61,0,0,0
Commercant_Informel,514000.0,725000.0,77000.0,2,0.44,0,0,0.5,0,1,0
Planteur_Cacao,502000.0,507000.0,129000.0,0,0.54,1,1,0.6,0,0,1
Commercant_Informel,122000.0,122000.0,4000.0,1,0.37,1,0,0.24,0,0,0
Salarie_Prive,613000.0,337000.0,49000.0,1,0.21,0,0,0.86,0,1,0
Planteur_Cacao,469000.0,251000.0,50000.0,0,0.82,1,0,0.91,0,0,0
Salarie_Prive,693000.0,729000.0,56000.0,0,0.46,0,0,0.5,0,0,0
Planteur_Cacao,521000.0,489000.0,193000.0,1,0.64,1,1,0.35,0,1,0
Planteur_Cacao,375000.0,502000.0,50000.0,1,0.38,1,0,0.23,0,1,0
Commercant_Informel,170000.0,112000.0,8000.0,0,0.33,0,0,0.71,0,0,0
Commercant_Informel,261000.0,137000.0,13000.0,0,0.38,0,1,0.38,0,0,1
Salarie_Prive,372000.0,353000.0,110000.0,2,0.38,0,0,0.91,0,1,0
Salarie_Prive,413000.0,305000.0,55000.0,0,0.49,0,0,0.7,0,1,0
Artisan,235000.0,129000.0,30000.0,0,0.48,0,2,0.67,0,1,1
Commercant_Informel,430000.0,527000.0,15000.0,1,0.45,0,1,0.6,0,1,1
Planteur_Cacao,471000.0,288000.0,10000.0,2,0.16,0,0,0.14,0,1,0
Salarie_Prive,321000.0,355000.0,67000.0,0,0.45,1,2,0.93,0,0,1
Planteur_Cacao,480000.0,375000.0,124000.0,2,0.19,1,0,0.66,0,1,0
Commercant_Informel,388000.0,261000.0,93000.0,0,0.15,0,1,0.98,1,0,1
Planteur_Cacao,290000.0,255000.0,14000.0,0,0.8,1,1,0.58,0,1,0
Planteur_Cacao,376000.0,489000.0,110000.0,0,0.53,1,0,0.73,0,0,0
Artisan,201000.0,179000.0,66000.0,0,0.58,1,0,0.15,0,0,0
Fonctionnaire,357000.0,447000.0,75000.0,0,0.37,1,0,0.66,0,0,0
Salarie_Prive,597000.0,374000.0,125000.0,1,0.78,1,0,0.78,0,1,0
Commercant_Informel,269000.0,343000.0,24000.0,0,0.56,1,0,0.79,0,0,0
Planteur_Cacao,476000.0,350000.0,132000.0,0,0.67,0,2,0.79,0,0,1
Planteur_Cacao,240000.0,283000.0,86000.0,2,0.34,1,0,0.3,0,1,0
Planteur_Cacao,321000.0,342000.0,129000.0,0,0.82,1,0,0.97,0,0,0
Commercant_Informel,345000.0,493000.0,137000.0,1,0.71,1,0,0.99,0,0,0
Salarie_Prive,444000.0,394000.0,62000.0,0,0.73,1,0,0.17,0,1,0
Salarie_Prive,759000.0,430000.0,162000.0,0,0.19,1,0,0.93,0,0,0
Planteur_Cacao,328000.0,170000.0,21000.0,0,0.27,0,0,0.36,1,0,1
Artisan,213000.0,283000.0,41000.0,0,0.28,1,0,0.71,0,0,0
Salarie_Prive,640000.0,656000.0,188000.0,2,0.27,0,0,0.4,0,1,0
Commercant_Informel,152000.0,194000.0,60000.0,1,0.73,1,1,0.96,0,1,1
Salarie_Prive,236000.0,173000.0,65000.0,0,0.08,1,4,0.19,0,0,1
Commercant_Informel,143000.0,121000.0,12000.0,1,0.11,1,0,0.54,0,0,0
Planteur_Cacao,627000.0,333000.0,107000.0,0,0.27,1,0,0.48,0,0,0
Commercant_Informel,230000.0,337000.0,101000.0,0,0.21,0,2,0.39,0,0,1
Salarie_Prive,884000.0,1032000.0,46000.0,1,0.24,0,0,0.67,0,1,0
Planteur_Cacao,298000.0,428000.0,71000.0,1,0.69,1,1,0.22,0,1,0
Planteur_Cacao,433000.0,332000.0,42000.0,0,0.5,1,0,0.74,0,0,0
Planteur_Cacao,678000.0,753000.0,102000.0,0,0.05,1,1,0.97,0,0,1
Planteur_Cacao,761000.0,897000.0,353000.0,0,0.39,1,1,0.82,0,0,1
Fonctionnaire,585000.0,478000.0,126000.0,1,0.38,0,1,0.87,0,1,1
Salarie_Prive,681000.0,918000.0,269000.0,0,0.14,1,2,0.42,0,0,1
Commercant_Informel,372000.0,539000.0,211000.0,1,0.59,0,0,0.39,0,0,0
Planteur_Cacao,507000.0,702000.0,115000.0,0,0.61,1,1,0.56,0,0,0
Commercant_Informel,350000.0,434000.0,141000.0,2,0.63,1,0,0.14,0,1,0
Commercant_Informel,230000.0,179000.0,33000.0,0,0.63,1,0,0.94,0,0,0
Planteur_Cacao,253000.0,198000.0,69000.0,1,0.05,1,1,0.23,0,0,0
Commercant_Informel,280000.0,409000.0,36000.0,0,0.81,0,1,0.9,0,1,1
Commercant_Informel,265000.0,135000.0,51000.0,0,0.7,1,0,0.17,0,0,0
Salarie_Prive,432000.0,525000.0,54000.0,1,0.77,0,1,0.83,0,1,1
Salarie_Prive,604000.0,729000.0,105000.0,1,0.06,1,1,0.24,0,0,0
Planteur_Cacao,572000.0,642000.0,197000.0,0,0.8,0,0,0.13,0,1,0
Commercant_Informel,288000.0,429000.0,73000.0,0,0.7,1,0,0.74,0,0,0
Salarie_Prive,722000.0,586000.0,147000.0,1,0.72,0,0,0.35,0,1,0
Commercant_Informel,177000.0,149000.0,28000.0,1,0.12,0,0,0.74,0,1,0
Fonctionnaire,405000.0,234000.0,71000.0,2,0.64,0,0,0.59,0,1,0
Salarie_Prive,392000.0,370000.0,40000.0,0,0.82,1,0,0.2,0,1,0
Planteur_Cacao,64000.0,49000.0,2000.0,2,0.59,0,0,0.93,0,1,0
Planteur_Cacao,385000.0,325000.0,44000.0,0,0.51,1,0,0.5,0,0,0
Salarie_Prive,482000.0,643000.0,129000.0,1,0.81,1,1,0.75,0,1,1
Planteur_Cacao,672000.0,965000.0,81000.0,1,0.4,1,1,0.55,0,1,1
Commercant_Informel,337000.0,231000.0,36000.0,0,0.53,1,1,0.64,1,0,1
Artisan,139000.0,121000.0,21000.0,1,0.43,0,0,0.37,0,1,0
Commercant_Informel,447000.0,638000.0,27000.0,0,0.8,1,1,0.28,0,0,1
Commercant_Informel,390000.0,219000.0,53000.0,1,0.11,1,1,0.58,0,0,1
Salarie_Prive,587000.0,348000.0,124000.0,2,0.45,1,0,0.49,1,1,1
Commercant_Informel,260000.0,172000.0,13000.0,0,0.6,1,1,0.45,0,0,1
Commercant_Informel,194000.0,212000.0,52000.0,0,0.68,0,0,0.7,0,1,0
Artisan,178000.0,116000.0,32000.0,2,0.52,1,0,0.71,0,1,0
Commercant_Informel,378000.0,555000.0,100000.0,1,0.78,1,1,0.14,0,1,0
Artisan,313000.0,296000.0,85000.0,0,0.8,1,1,0.4,0,0,0
Artisan,293000.0,293000.0,52000.0,0,0.1,0,0,0.47,0,0,0
Planteur_Cacao,312000.0,233000.0,49000.0,0,0.37,0,1,0.19,0,0,0
Planteur_Cacao,198000.0,193000.0,4000.0,0,0.07,0,0,0.31,0,0,0
Planteur_Cacao,425000.0,494000.0,140000.0,1,0.31,1,0,0.15,0,1,0
Planteur_Cacao,82000.0,102000.0,28000.0,0,0.48,1,0,0.99,0,0,0
Planteur_Cacao,458000.0,574000.0,20000.0,0,0.78,1,0,0.76,0,1,0
Salarie_Prive,478000.0,515000.0,82000.0,2,0.73,1,0,0.18,0,1,0
Planteur_Cacao,316000.0,444000.0,174000.0,1,0.15,1,0,0.12,0,0,0
Planteur_Cacao,113000.0,149000.0,27000.0,1,0.12,0,0,0.74,0,0,0
Fonctionnaire,461000.0,580000.0,122000.0,0,0.52,1,0,0.49,0,0,0
Planteur_Cacao,304000.0,169000.0,62000.0,2,0.48,1,0,0.8,0,1,0
Fonctionnaire,326000.0,165000.0,48000.0,0,0.26,0,0,0.92,0,0,0
Planteur_Cacao,60000.0,43000.0,10000.0,1,0.77,0,0,0.63,0,1,0
Planteur_Cacao,395000.0,460000.0,149000.0,0,0.79,1,0,0.27,0,0,0
Salarie_Prive,766000.0,698000.0,243000.0,0,0.37,1,0,0.8,0,0,0
Salarie_Prive,749000.0,676000.0,131000.0,0,0.76,1,1,0.95,1,0,1
Fonctionnaire,383000.0,531000.0,106000.0,1,0.36,1,0,0.62,0,1,0
Salarie_Prive,410000.0,572000.0,95000.0,0,0.64,1,0,0.71,0,0,0
Fonctionnaire,458000.0,645000.0,250000.0,1,0.43,1,1,0.4,0,0,0
Planteur_Cacao,220000.0,179000.0,51000.0,0,0.15,0,0,0.44,0,0,0
Planteur_Cacao,454000.0,541000.0,28000.0,0,0.79,0,0,0.75,0,1,0
Salarie_Prive,615000.0,474000.0,165000.0,0,0.41,1,0,0.93,0,0,0
Fonctionnaire,518000.0,358000.0,73000.0,1,0.64,1,0,0.66,0,1,0
Artisan,194000.0,133000.0,6000.0,3,0.34,1,2,0.8,0,1,1
Commercant_Informel,262000.0,220000.0,50000.0,0,0.07,0,0,0.25,0,0,0
Commercant_Informel,201000.0,187000.0,33000.0,0,0.13,1,0,0.29,0,0,0
Salarie_Prive,376000.0,500000.0,177000.0,1,0.45,1,0,0.57,1,0,1
Planteur_Cacao,359000.0,223000.0,22000.0,0,0.6,1,0,0.26,0,0,0
Artisan,222000.0,274000.0,92000.0,1,0.32,1,0,0.67,0,0,0
Fonctionnaire,493000.0,509000.0,118000.0,1,0.61,0,0,0.36,1,1,1
Commercant_Informel,208000.0,164000.0,7000.0,0,0.61,1,0,0.8,0,0,0
Salarie_Prive,724000.0,719000.0,280000.0,1,0.61,1,0,0.82,0,0,0
Salarie_Prive,459000.0,367000.0,79000.0,0,0.44,1,1,0.51,1,0,1
Planteur_Cacao,396000.0,434000.0,57000.0,1,0.78,1,1,0.26,0,1,0
Artisan,155000.0,145000.0,29000.0,1,0.44,0,0,0.68,0,1,0
Commercant_Informel,62000.0,41000.0,14000.0,1,0.41,0,0,0.98,0,1,0
Fonctionnaire,491000.0,303000.0,41000.0,1,0.21,1,0,0.65,0,0,0
Planteur_Cacao,533000.0,558000.0,52000.0,1,0.3,1,0,0.13,0,1,0
Fonctionnaire,397000.0,557000.0,38000.0,0,0.08,1,2,0.12,0,0,1
Commercant_Informel,286000.0,241000.0,32000.0,0,0.56,1,0,0.39,0,0,0
Planteur_Cacao,493000.0,608000.0,192000.0,1,0.25,1,0,0.27,0,0,0
Artisan,106000.0,123000.0,25000.0,1,0.29,0,0,0.82,0,1,0
Planteur_Cacao,305000.0,436000.0,46000.0,0,0.67,1,0,0.85,0,1,0
Planteur_Cacao,543000.0,717000.0,60000.0,0,0.31,1,0,0.33,0,0,0
Artisan,125000.0,133000.0,19000.0,1,0.24,1,0,0.39,1,0,1
Artisan,218000.0,252000.0,95000.0,3,0.19,0,0,0.31,0,1,0
Commercant_Informel,158000.0,221000.0,33000.0,2,0.67,1,0,0.91,0,1,0
Salarie_Prive,570000.0,513000.0,203000.0,1,0.15,0,0,0.55,0,0,0
Commercant_Informel,277000.0,229000.0,47000.0,1,0.41,1,0,0.68,0,1,0
Planteur_Cacao,109000.0,56000.0,5000.0,0,0.46,1,1,0.47,0,0,1
Planteur_Cacao,610000.0,809000.0,290000.0,0,0.6,0,3,0.66,0,0,1
Salarie_Prive,390000.0,507000.0,99000.0,0,0.56,1,0,0.44,0,0,0
Salarie_Prive,378000.0,229000.0,66000.0,1,0.7,0,1,0.4,0,1,0
Salarie_Prive,530000.0,571000.0,225000.0,1,0.09,1,0,0.66,0,0,0
Salarie_Prive,672000.0,648000.0,25000.0,1,0.29,1,3,0.63,0,1,1
Planteur_Cacao,217000.0,134000.0,8000.0,1,0.27,1,1,0.36,0,1,0
Commercant_Informel,286000.0,423000.0,124000.0,0,0.17,1,1,0.23,0,0,0
Planteur_Cacao,477000.0,341000.0,43000.0,1,0.28,1,2,0.43,0,1,1
Commercant_Informel,342000.0,194000.0,17000.0,0,0.3,1,1,0.47,0,0,0
Commercant_Informel,296000.0,324000.0,11000.0,1,0.47,0,0,0.66,0,1,0
Fonctionnaire,391000.0,484000.0,14000.0,1,0.58,1,1,0.91,0,1,1
Commercant_Informel,206000.0,109000.0,34000.0,0,0.35,1,0,0.13,1,0,0
Planteur_Cacao,416000.0,481000.0,34000.0,0,0.63,1,0,0.32,0,1,0
Planteur_Cacao,207000.0,214000.0,42000.0,0,0.32,1,2,0.27,0,0,1
Salarie_Prive,62000.0,37000.0,9000.0,2,0.28,1,0,0.55,0,1,0
Salarie_Prive,565000.0,380000.0,70000.0,0,0.48,0,0,0.48,0,1,0
Planteur_Cacao,563000.0,601000.0,18000.0,1,0.07,0,0,0.75,0,1,0
Planteur_Cacao,60000.0,48000.0,15000.0,0,0.11,1,0,0.32,0,0,0
Salarie_Prive,349000.0,501000.0,12000.0,0,0.38,0,1,0.63,0,0,0
Planteur_Cacao,511000.0,674000.0,209000.0,1,0.8,1,0,0.89,0,1,0
Fonctionnaire,585000.0,867000.0,312000.0,0,0.63,0,0,0.91,0,0,0
Salarie_Prive,503000.0,382000.0,71000.0,2,0.12,0,0,0.95,0,1,0
Planteur_Cacao,269000.0,395000.0,88000.0,0,0.73,0,1,0.79,0,0,1
Planteur_Cacao,367000.0,342000.0,69000.0,0,0.64,1,1,0.91,0,0,1
Artisan,282000.0,239000.0,40000.0,0,0.54,1,0,0.31,0,0,0
Commercant_Informel,222000.0,122000.0,44000.0,1,0.71,1,0,0.28,0,1,0
Commercant_Informel,208000.0,115000.0,41000.0,2,0.37,0,0,0.11,0,1,0
Fonctionnaire,381000.0,455000.0,67000.0,0,0.23,1,1,0.73,0,0,1
Artisan,143000.0,137000.0,35000.0,1,0.46,0,0,0.93,0,1,0
Artisan,207000.0,151000.0,56000.0,1,0.49,1,0,0.27,0,1,0
Salarie_Prive,744000.0,828000.0,319000.0,1,0.48,0,0,0.67,0,1,0
Commercant_Informel,309000.0,233000.0,50000.0,1,0.5,1,1,0.76,1,1,1
Planteur_Cacao,355000.0,382000.0,73000.0,1,0.81,1,0,0.93,0,1,0
Salarie_Prive,456000.0,392000.0,49000.0,0,0.77,1,1,0.68,0,1,0
Commercant_Informel,139000.0,184000.0,71000.0,0,0.75,1,0,0.96,0,0,0
Commercant_Informel,359000.0,475000.0,35000.0,0,0.69,1,0,0.41,1,1,1
Artisan,195000.0,191000.0,46000.0,0,0.8,0,0,0.41,0,1,0
Planteur_Cacao,368000.0,313000.0,40000.0,0,0.13,1,1,0.58,0,0,0
Commercant_Informel,567000.0,489000.0,62000.0,1,0.26,1,1,0.44,0,0,0
Planteur_Cacao,454000.0,593000.0,103000.0,0,0.45,0,1,0.1,0,0,0
Commercant_Informel,212000.0,176000.0,70000.0,1,0.73,1,1,0.75,1,1,1
Planteur_Cacao,323000.0,229000.0,9000.0,0,0.45,0,0,0.77,0,1,0
Planteur_Cacao,607000.0,355000.0,85000.0,2,0.65,0,1,0.76,0,1,1
Planteur_Cacao,420000.0,406000.0,21000.0,1,0.16,1,0,0.41,0,0,0
Salarie_Prive,284000.0,279000.0,22000.0,1,0.25,1,0,0.56,0,1,0
Salarie_Prive,638000.0,855000.0,160000.0,1,0.64,1,0,0.42,0,1,0
Commercant_Informel,220000.0,159000.0,34000.0,3,0.18,0,2,0.11,0,1,1
Artisan,312000.0,275000.0,33000.0,0,0.33,1,2,0.6,0,0,1
Commercant_Informel,377000.0,494000.0,69000.0,1,0.26,1,1,0.21,0,0,0
Planteur_Cacao,319000.0,423000.0,22000.0,0,0.33,0,0,0.17,0,0,0
Fonctionnaire,522000.0,462000.0,62000.0,2,0.62,1,0,0.77,0,1,0
Planteur_Cacao,412000.0,395000.0,153000.0,1,0.34,0,0,0.11,0,0,0
Artisan,251000.0,202000.0,76000.0,0,0.49,0,0,0.95,0,0,0
Planteur_Cacao,487000.0,698000.0,103000.0,0,0.13,1,0,0.56,0,0,0
Artisan,149000.0,92000.0,22000.0,1,0.69,0,1,0.97,0,1,1
Planteur_Cacao,284000.0,407000.0,149000.0,0,0.35,0,0,0.15,0,0,0
Fonctionnaire,502000.0,595000.0,13000.0,1,0.57,1,1,0.62,0,1,0
Commercant_Informel,250000.0,258000.0,85000.0,1,0.63,1,0,0.41,0,1,0
Artisan,176000.0,94000.0,36000.0,1,0.22,1,2,0.85,0,1,1
Planteur_Cacao,228000.0,223000.0,12000.0,0,0.76,1,0,0.42,0,0,0
Commercant_Informel,318000.0,289000.0,23000.0,0,0.54,0,1,0.33,0,1,0
Artisan,324000.0,214000.0,82000.0,0,0.39,1,0,0.86,0,0,0
Commercant_Informel,184000.0,213000.0,48000.0,1,0.2,0,0,0.43,0,0,0
Salarie_Prive,504000.0,741000.0,19000.0,1,0.8,1,0,0.11,0,1,0
Salarie_Prive,712000.0,756000.0,89000.0,0,0.65,1,1,0.45,1,0,1
Commercant_Informel,273000.0,331000.0,63000.0,2,0.22,0,2,0.68,0,1,1
Salarie_Prive,568000.0,323000.0,91000.0,1,0.32,0,0,0.33,0,1,0
Commercant_Informel,184000.0,169000.0,51000.0,0,0.7,1,1,0.48,0,0,0
Artisan,226000.0,139000.0,55000.0,2,0.61,1,0,0.15,0,1,0
Planteur_Cacao,366000.0,408000.0,53000.0,2,0.66,1,1,0.62,1,1,1
Planteur_Cacao,577000.0,831000.0,186000.0,1,0.4,1,0,0.77,0,0,0
Artisan,271000.0,315000.0,70000.0,1,0.62,1,2,0.47,0,1,1
Fonctionnaire,627000.0,362000.0,63000.0,1,0.36,1,1,0.47,0,0,0
Commercant_Informel,332000.0,284000.0,24000.0,1,0.22,0,0,0.18,0,1,0
Salarie_Prive,549000.0,577000.0,226000.0,0,0.56,1,2,0.28,0,0,1
Planteur_Cacao,435000.0,393000.0,135000.0,3,0.83,0,0,0.24,0,1,0
Planteur_Cacao,336000.0,449000.0,94000.0,0,0.3,0,0,0.53,0,0,0
Commercant_Informel,310000.0,408000.0,102000.0,1,0.42,1,0,0.57,0,1,0
Commercant_Informel,253000.0,282000.0,30000.0,1,0.59,0,0,0.94,0,1,0
Commercant_Informel,295000.0,258000.0,58000.0,0,0.48,1,0,0.17,0,0,0
Planteur_Cacao,637000.0,481000.0,137000.0,0,0.72,0,0,0.63,0,1,0
Artisan,140000.0,85000.0,18000.0,0,0.66,1,0,0.57,0,0,0
Artisan,268000.0,229000.0,91000.0,1,0.1,1,0,0.56,0,0,0
Salarie_Prive,698000.0,637000.0,161000.0,0,0.85,0,1,0.88,0,1,1
Commercant_Informel,269000.0,317000.0,51000.0,0,0.65,1,0,0.28,0,0,0
Planteur_Cacao,60000.0,69000.0,22000.0,1,0.74,0,1,0.14,0,1,0
Fonctionnaire,371000.0,212000.0,18000.0,1,0.57,0,0,0.7,0,1,0
Salarie_Prive,695000.0,622000.0,103000.0,4,0.74,1,0,0.41,0,1,0
Planteur_Cacao,396000.0,270000.0,41000.0,0,0.14,1,1,0.12,0,0,0
Artisan,140000.0,92000.0,17000.0,0,0.33,1,1,0.32,0,0,0
Fonctionnaire,380000.0,504000.0,160000.0,3,0.75,1,0,0.38,0,1,0
Artisan,250000.0,136000.0,28000.0,1,0.21,0,0,0.65,0,1,0
Salarie_Prive,582000.0,535000.0,172000.0,0,0.11,1,2,0.25,0,0,1
Salarie_Prive,464000.0,310000.0,74000.0,0,0.68,1,0,0.47,0,0,0
Commercant_Informel,247000.0,341000.0,51000.0,0,0.72,0,0,0.53,0,1,0
Artisan,176000.0,187000.0,61000.0,1,0.18,1,0,0.51,0,0,0
Fonctionnaire,346000.0,253000.0,28000.0,0,0.73,0,1,0.97,0,1,1
Planteur_Cacao,691000.0,692000.0,73000.0,2,0.6,1,1,0.14,0,1,0
Planteur_Cacao,342000.0,421000.0,89000.0,0,0.47,0,2,0.95,0,0,1
Commercant_Informel,390000.0,568000.0,68000.0,2,0.71,1,0,0.62,1,1,1
Fonctionnaire,542000.0,390000.0,9000.0,1,0.39,1,0,0.81,0,1,0
Artisan,260000.0,360000.0,96000.0,0,0.21,1,0,0.48,0,0,0
Planteur_Cacao,322000.0,462000.0,99000.0,2,0.28,1,0,0.5,1,1,1
Commercant_Informel,316000.0,448000.0,85000.0,3,0.45,0,0,0.88,0,1,0
Commercant_Informel,278000.0,315000.0,122000.0,1,0.48,1,1,0.9,0,0,1
Artisan,146000.0,165000.0,39000.0,1,0.69,0,2,0.31,0,1,1
Fonctionnaire,446000.0,403000.0,140000.0,0,0.68,1,0,0.28,0,0,0
Fonctionnaire,326000.0,408000.0,30000.0,1,0.52,1,0,0.54,0,1,0
Commercant_Informel,387000.0,399000.0,94000.0,0,0.67,1,0,0.9,0,0,0
Commercant_Informel,238000.0,280000.0,98000.0,0,0.2,1,0,0.39,0,0,0
Planteur_Cacao,436000.0,405000.0,98000.0,1,0.09,1,0,0.68,1,0,1
Planteur_Cacao,451000.0,555000.0,163000.0,1,0.75,1,1,0.73,0,1,0
Fonctionnaire,399000.0,529000.0,85000.0,0,0.11,0,0,0.79,0,0,0
Fonctionnaire,467000.0,302000.0,17000.0,0,0.25,1,1,0.6,0,0,1
Artisan,172000.0,229000.0,44000.0,0,0.61,1,0,0.46,0,0,0
Artisan,252000.0,262000.0,45000.0,0,0.38,1,1,0.96,0,0,1
Commercant_Informel,159000.0,214000.0,75000.0,0,0.75,1,0,0.64,0,0,0
Salarie_Prive,519000.0,483000.0,54000.0,2,0.29,0,0,0.75,0,1,0
Artisan,316000.0,278000.0,108000.0,0,0.06,1,1,0.41,0,0,0
Fonctionnaire,340000.0,481000.0,185000.0,1,0.29,1,0,0.7,1,0,1
Planteur_Cacao,278000.0,209000.0,24000.0,0,0.51,1,0,0.33,0,0,0
Commercant_Informel,326000.0,439000.0,67000.0,1,0.35,1,0,0.32,0,1,0
Planteur_Cacao,432000.0,425000.0,153000.0,1,0.48,1,0,0.74,0,1,0
Artisan,221000.0,224000.0,87000.0,0,0.75,0,0,0.56,0,1,0
Salarie_Prive,573000.0,464000.0,87000.0,1,0.78,1,0,0.71,0,1,0
Planteur_Cacao,514000.0,552000.0,78000.0,1,0.26,1,0,0.34,0,1,0
Salarie_Prive,666000.0,550000.0,121000.0,0,0.42,0,0,0.63,1,0,1
Salarie_Prive,561000.0,303000.0,85000.0,3,0.49,1,0,0.5,0,1,0
Commercant_Informel,258000.0,199000.0,25000.0,0,0.81,0,0,0.63,0,1,0
Planteur_Cacao,521000.0,264000.0,79000.0,0,0.85,1,0,0.36,0,1,0
Salarie_Prive,785000.0,1160000.0,46000.0,0,0.24,0,0,0.74,0,0,0
Commercant_Informel,268000.0,393000.0,15000.0,1,0.63,1,1,0.82,0,1,1
Salarie_Prive,354000.0,317000.0,53000.0,0,0.35,1,0,0.33,0,0,0
Commercant_Informel,380000.0,466000.0,72000.0,0,0.06,1,0,0.37,0,0,0
Fonctionnaire,410000.0,347000.0,49000.0,1,0.06,1,0,0.69,0,0,0
Commercant_Informel,84000.0,99000.0,20000.0,0,0.42,1,0,0.72,0,0,0
Commercant_Informel,356000.0,465000.0,66000.0,0,0.44,1,0,0.73,0,0,0
Fonctionnaire,377000.0,546000.0,51000.0,1,0.07,1,0,0.71,0,0,0
Commercant_Informel,272000.0,245000.0,34000.0,2,0.6,1,1,0.45,0,1,1
Planteur_Cacao,460000.0,590000.0,230000.0,1,0.29,1,0,0.45,0,0,0
Planteur_Cacao,434000.0,333000.0,59000.0,2,0.5,0,1,0.33,0,1,0
Salarie_Prive,606000.0,904000.0,171000.0,0,0.29,0,0,0.24,0,0,0
Salarie_Prive,435000.0,229000.0,55000.0,0,0.18,1,3,0.72,0,0,1
Salarie_Prive,577000.0,637000.0,251000.0,1,0.38,1,0,0.18,0,0,0
Planteur_Cacao,353000.0,410000.0,46000.0,1,0.24,1,1,0.93,0,1,1
Planteur_Cacao,533000.0,633000.0,177000.0,1,0.48,1,1,0.84,0,1,1
Planteur_Cacao,511000.0,317000.0,93000.0,1,0.21,0,0,0.86,0,1,0
Commercant_Informel,196000.0,282000.0,71000.0,1,0.46,1,1,0.91,0,0,1
Commercant_Informel,378000.0,257000.0,14000.0,0,0.18,1,0,0.46,0,0,0
Commercant_Informel,232000.0,260000.0,72000.0,0,0.59,0,0,0.85,0,0,0
Commercant_Informel,353000.0,255000.0,11000.0,1,0.65,1,0,0.24,0,1,0
Artisan,222000.0,179000.0,44000.0,1,0.14,0,0,0.12,1,1,0
Planteur_Cacao,731000.0,765000.0,230000.0,2,0.42,0,0,0.8,0,1,0
Commercant_Informel,260000.0,238000.0,24000.0,0,0.11,1,0,0.17,0,0,0
Salarie_Prive,448000.0,296000.0,100000.0,0,0.53,1,1,0.98,0,0,1
Commercant_Informel,278000.0,187000.0,6000.0,0,0.26,1,1,0.7,0,0,1
Salarie_Prive,455000.0,417000.0,142000.0,0,0.47,1,0,0.77,0,0,0
Fonctionnaire,484000.0,609000.0,119000.0,1,0.46,1,0,0.32,1,1,1
Artisan,103000.0,144000.0,15000.0,1,0.79,0,2,0.7,0,1,1
Planteur_Cacao,210000.0,123000.0,9000.0,1,0.49,1,0,0.14,0,1,0
Artisan,136000.0,121000.0,46000.0,1,0.52,1,0,0.85,1,1,1
Commercant_Informel,366000.0,219000.0,10000.0,0,0.37,1,3,0.25,0,0,1
Planteur_Cacao,708000.0,366000.0,35000.0,0,0.81,0,1,0.72,0,0,1
Commercant_Informel,271000.0,314000.0,48000.0,2,0.67,1,0,0.3,0,1,0
Artisan,190000.0,209000.0,54000.0,0,0.28,0,0,0.16,0,0,0
Commercant_Informel,286000.0,190000.0,43000.0,0,0.73,1,0,0.53,0,1,0
Planteur_Cacao,609000.0,447000.0,30000.0,1,0.4,1,1,0.25,0,1,0
Salarie_Prive,361000.0,189000.0,25000.0,3,0.71,0,1,0.75,0,1,1
Planteur_Cacao,443000.0,591000.0,65000.0,2,0.71,0,0,0.31,0,1,0
Planteur_Cacao,576000.0,849000.0,86000.0,1,0.2,1,1,0.4,1,1,1
Planteur_Cacao,490000.0,312000.0,55000.0,0,0.61,1,1,0.61,0,0,0
Planteur_Cacao,434000.0,318000.0,91000.0,0,0.28,0,1,0.35,1,0,1
Planteur_Cacao,580000.0,794000.0,81000.0,0,0.29,1,1,0.44,0,0,1
Planteur_Cacao,60000.0,86000.0,14000.0,1,0.29,1,0,0.83,0,1,0
Salarie_Prive,602000.0,553000.0,93000.0,2,0.63,0,1,0.26,0,1,0
Planteur_Cacao,282000.0,155000.0,61000.0,0,0.23,1,1,0.17,0,0,0
Planteur_Cacao,70000.0,38000.0,15000.0,1,0.05,1,0,0.39,0,0,0
Fonctionnaire,461000.0,495000.0,160000.0,0,0.62,1,1,0.48,0,0,0
Commercant_Informel,404000.0,360000.0,40000.0,1,0.19,1,0,0.58,0,0,0
Salarie_Prive,479000.0,253000.0,12000.0,1,0.13,0,0,0.43,0,1,0
Planteur_Cacao,572000.0,619000.0,87000.0,0,0.24,1,0,0.8,0,0,0
Planteur_Cacao,690000.0,353000.0,43000.0,0,0.35,1,0,0.13,0,0,0
Planteur_Cacao,637000.0,820000.0,174000.0,2,0.43,1,0,0.48,0,1,0
Planteur_Cacao,695000.0,561000.0,177000.0,0,0.09,0,2,0.44,0,0,1
Planteur_Cacao,534000.0,288000.0,100000.0,0,0.83,1,1,0.68,0,1,1
Planteur_Cacao,414000.0,450000.0,154000.0,1,0.62,0,0,0.96,0,1,0
Planteur_Cacao,112000.0,100000.0,16000.0,0,0.31,1,0,0.55,0,0,0
Planteur_Cacao,356000.0,524000.0,147000.0,1,0.3,0,0,0.98,0,0,0
Commercant_Informel,204000.0,213000.0,30000.0,1,0.41,1,1,0.37,1,1,1
Planteur_Cacao,791000.0,613000.0,26000.0,0,0.55,0,0,0.13,0,0,0
Commercant_Informel,264000.0,319000.0,92000.0,0,0.17,1,1,0.25,0,0,0
Commercant_Informel,291000.0,225000.0,5000.0,0,0.2,1,0,0.45,1,0,1
Salarie_Prive,583000.0,818000.0,144000.0,2,0.74,0,1,0.38,0,1,1
Planteur_Cacao,408000.0,357000.0,52000.0,0,0.26,0,1,0.19,0,0,0
Salarie_Prive,754000.0,792000.0,224000.0,1,0.35,1,1,0.49,0,0,1
Salarie_Prive,407000.0,224000.0,70000.0,0,0.75,0,0,0.4,0,1,0
Planteur_Cacao,435000.0,403000.0,55000.0,0,0.58,1,0,0.21,0,0,0
Fonctionnaire,361000.0,480000.0,158000.0,0,0.32,0,0,0.36,0,0,0
Artisan,121000.0,158000.0,21000.0,2,0.6,1,1,0.89,0,1,1
Planteur_Cacao,290000.0,210000.0,40000.0,1,0.07,1,1,0.37,0,0,0
Planteur_Cacao,393000.0,286000.0,85000.0,0,0.64,1,1,0.74,0,0,0
Fonctionnaire,386000.0,508000.0,144000.0,0,0.44,1,2,0.64,0,0,1
Salarie_Prive,396000.0,567000.0,224000.0,1,0.7,0,0,0.48,0,1,0
Planteur_Cacao,147000.0,87000.0,9000.0,1,0.81,1,0,0.31,0,1,0
Planteur_Cacao,385000.0,366000.0,99000.0,0,0.79,1,0,0.43,0,0,0
Commercant_Informel,145000.0,121000.0,30000.0,0,0.78,1,0,0.63,0,0,0
Commercant_Informel,348000.0,478000.0,176000.0,1,0.46,0,0,0.41,0,0,0
Salarie_Prive,512000.0,299000.0,24000.0,1,0.34,1,0,0.29,0,1,0
Commercant_Informel,149000.0,106000.0,32000.0,0,0.42,1,0,0.2,0,0,0
Commercant_Informel,252000.0,316000.0,75000.0,0,0.6,0,0,0.88,0,1,0
Salarie_Prive,387000.0,213000.0,27000.0,0,0.76,1,0,0.49,0,1,0
Planteur_Cacao,457000.0,454000.0,91000.0,0,0.22,0,1,0.66,0,0,1
Planteur_Cacao,641000.0,604000.0,89000.0,0,0.78,0,1,0.54,0,1,1
Salarie_Prive,219000.0,183000.0,44000.0,1,0.7,1,0,0.88,0,1,0
Fonctionnaire,429000.0,384000.0,137000.0,0,0.83,0,0,0.59,0,0,0
Commercant_Informel,266000.0,274000.0,65000.0,0,0.75,0,1,0.53,0,0,0
Commercant_Informel,340000.0,225000.0,59000.0,0,0.27,1,1,0.92,0,0,1
Planteur_Cacao,438000.0,470000.0,102000.0,0,0.13,1,0,0.74,0,0,0
Commercant_Informel,212000.0,277000.0,11000.0,0,0.14,0,1,0.2,1,0,1
Commercant_Informel,251000.0,317000.0,34000.0,1,0.28,1,1,0.26,0,1,0
Planteur_Cacao,257000.0,168000.0,35000.0,0,0.54,0,0,0.8,0,0,0
Planteur_Cacao,594000.0,385000.0,53000.0,0,0.69,1,2,0.84,0,0,1
Commercant_Informel,282000.0,217000.0,19000.0,0,0.77,1,1,0.59,0,1,0
Planteur_Cacao,742000.0,639000.0,135000.0,1,0.55,1,1,0.59,0,1,1
Planteur_Cacao,389000.0,353000.0,50000.0,0,0.05,1,0,0.66,0,0,0
Planteur_Cacao,272000.0,321000.0,38000.0,1,0.2,1,0,0.49,0,1,0
Planteur_Cacao,128000.0,71000.0,14000.0,1,0.13,0,0,0.71,0,0,0
Planteur_Cacao,75000.0,40000.0,3000.0,0,0.34,0,0,0.2,0,0,0
Fonctionnaire,293000.0,262000.0,97000.0,1,0.45,0,0,0.96,0,1,0
Commercant_Informel,304000.0,364000.0,127000.0,1,0.08,1,0,0.77,0,0,0
Salarie_Prive,576000.0,400000.0,115000.0,0,0.33,0,1,0.66,0,0,1
Salarie_Prive,263000.0,300000.0,18000.0,3,0.19,1,0,0.38,0,1,0
Commercant_Informel,361000.0,274000.0,86000.0,0,0.57,0,0,0.24,0,0,0
Planteur_Cacao,313000.0,434000.0,142000.0,0,0.42,1,1,0.46,0,0,1
Commercant_Informel,293000.0,409000.0,128000.0,0,0.45,0,0,0.69,0,0,0
Commercant_Informel,425000.0,339000.0,21000.0,0,0.39,0,0,0.66,0,1,0
Salarie_Prive,635000.0,463000.0,123000.0,0,0.81,1,0,0.44,0,0,0
Commercant_Informel,256000.0,233000.0,79000.0,1,0.22,1,0,0.65,0,0,0
Planteur_Cacao,240000.0,177000.0,42000.0,0,0.46,1,0,0.82,0,0,0
Planteur_Cacao,60000.0,70000.0,19000.0,0,0.64,1,0,0.12,0,0,0
Commercant_Informel,215000.0,285000.0,55000.0,2,0.5,1,0,0.5,0,1,0
Salarie_Prive,468000.0,549000.0,121000.0,0,0.79,1,0,0.78,0,0,0
Commercant_Informel,191000.0,253000.0,8000.0,1,0.35,1,0,0.59,1,1,1
Commercant_Informel,268000.0,241000.0,63000.0,1,0.42,0,0,0.68,0,1,0
Artisan,205000.0,134000.0,7000.0,0,0.12,1,2,0.56,0,0,1
Salarie_Prive,466000.0,577000.0,107000.0,1,0.54,0,0,0.98,0,1,0
Planteur_Cacao,283000.0,244000.0,32000.0,0,0.28,0,0,0.15,0,0,0
Planteur_Cacao,430000.0,504000.0,115000.0,1,0.18,1,0,0.54,1,0,1
Planteur_Cacao,480000.0,370000.0,26000.0,0,0.49,1,0,0.18,0,0,0
Planteur_Cacao,204000.0,118000.0,33000.0,0,0.48,0,0,0.24,0,0,0
Planteur_Cacao,654000.0,976000.0,314000.0,0,0.11,0,2,0.44,0,0,1
Planteur_Cacao,382000.0,251000.0,21000.0,0,0.61,1,0,0.24,0,0,0
Planteur_Cacao,403000.0,600000.0,36000.0,0,0.55,0,3,0.96,0,1,1
Planteur_Cacao,527000.0,779000.0,59000.0,1,0.2,0,0,0.94,0,1,0
Fonctionnaire,439000.0,568000.0,201000.0,2,0.43,0,1,0.4,0,1,0
Planteur_Cacao,572000.0,663000.0,146000.0,0,0.63,0,0,0.67,0,0,0
Commercant_Informel,306000.0,330000.0,65000.0,0,0.47,1,0,0.58,0,0,0
Commercant_Informel,225000.0,307000.0,19000.0,0,0.37,0,2,0.83,0,0,1
Artisan,222000.0,175000.0,47000.0,1,0.31,0,1,0.66,0,1,1
Planteur_Cacao,194000.0,188000.0,66000.0,0,0.54,1,1,0.1,0,0,0
Commercant_Informel,290000.0,324000.0,109000.0,0,0.8,0,0,0.78,0,1,0
Artisan,198000.0,180000.0,47000.0,1,0.59,1,0,0.76,0,1,0
Fonctionnaire,403000.0,374000.0,18000.0,1,0.11,1,0,0.55,0,0,0
Fonctionnaire,410000.0,340000.0,21000.0,1,0.42,1,0,0.9,0,1,0
Planteur_Cacao,61000.0,65000.0,3000.0,0,0.76,1,0,0.91,0,1,0
Planteur_Cacao,301000.0,407000.0,48000.0,2,0.13,1,1,0.57,0,1,0
Salarie_Prive,514000.0,361000.0,26000.0,0,0.84,0,0,0.64,0,1,0
Artisan,210000.0,301000.0,36000.0,2,0.81,1,0,0.99,0,1,0
Commercant_Informel,188000.0,223000.0,37000.0,1,0.11,1,0,0.37,0,0,0
Commercant_Informel,394000.0,521000.0,197000.0,0,0.8,1,0,0.39,0,0,0
Planteur_Cacao,244000.0,258000.0,65000.0,2,0.34,1,1,0.26,0,1,0
Salarie_Prive,645000.0,826000.0,279000.0,0,0.73,0,0,0.9,0,0,0
Planteur_Cacao,477000.0,246000.0,71000.0,1,0.38,0,1,0.76,0,1,1
Planteur_Cacao,284000.0,374000.0,23000.0,0,0.4,0,0,0.19,1,0,1
Commercant_Informel,440000.0,238000.0,71000.0,1,0.56,1,1,0.97,0,1,1
Commercant_Informel,173000.0,240000.0,30000.0,1,0.67,1,0,0.75,0,1,0
Planteur_Cacao,565000.0,844000.0,222000.0,1,0.08,0,1,0.86,0,0,1
Planteur_Cacao,580000.0,461000.0,69000.0,1,0.52,0,0,0.14,1,1,1
Salarie_Prive,399000.0,284000.0,113000.0,0,0.2,1,1,0.55,0,0,0
Planteur_Cacao,651000.0,823000.0,99000.0,0,0.33,0,0,0.72,0,0,0
Commercant_Informel,257000.0,194000.0,24000.0,0,0.33,0,2,0.58,0,1,1
Planteur_Cacao,452000.0,617000.0,231000.0,0,0.43,0,0,0.69,0,0,0
Commercant_Informel,303000.0,183000.0,5000.0,1,0.32,1,1,0.83,0,1,1
Commercant_Informel,268000.0,168000.0,48000.0,2,0.14,0,0,0.43,0,1,0
Planteur_Cacao,546000.0,808000.0,239000.0,0,0.17,1,0,0.86,0,0,0
Planteur_Cacao,543000.0,637000.0,215000.0,0,0.08,1,0,0.24,0,0,0
Planteur_Cacao,85000.0,115000.0,45000.0,0,0.43,1,3,0.34,0,0,1
Planteur_Cacao,635000.0,523000.0,204000.0,0,0.81,1,0,0.14,0,0,0
Artisan,100000.0,118000.0,5000.0,2,0.14,1,0,0.42,0,1,0
Planteur_Cacao,586000.0,641000.0,213000.0,0,0.81,1,1,0.44,0,0,1
Fonctionnaire,510000.0,563000.0,149000.0,1,0.64,0,0,0.82,0,1,0
Planteur_Cacao,204000.0,241000.0,64000.0,3,0.56,0,0,0.68,0,1,0
Salarie_Prive,438000.0,471000.0,32000.0,1,0.57,0,1,0.49,0,1,1
Salarie_Prive,334000.0,310000.0,83000.0,1,0.71,1,0,0.68,0,1,0
Commercant_Informel,261000.0,202000.0,80000.0,0,0.14,1,0,0.15,0,0,0
Commercant_Informel,252000.0,320000.0,117000.0,1,0.45,0,1,0.26,1,0,1
Commercant_Informel,350000.0,254000.0,48000.0,2,0.61,1,1,0.66,0,1,1
Planteur_Cacao,636000.0,758000.0,27000.0,0,0.52,0,0,0.67,0,0,0
Artisan,284000.0,208000.0,33000.0,1,0.72,0,0,0.79,1,1,1
Fonctionnaire,375000.0,422000.0,141000.0,2,0.11,1,2,0.46,1,1,1
Artisan,187000.0,234000.0,67000.0,1,0.6,0,1,0.74,0,1,1
Planteur_Cacao,97000.0,70000.0,14000.0,0,0.48,0,0,0.71,0,1,0
Salarie_Prive,379000.0,212000.0,9000.0,1,0.35,1,0,0.96,1,1,1
Artisan,258000.0,163000.0,30000.0,1,0.32,1,0,0.29,0,1,0
Planteur_Cacao,691000.0,764000.0,151000.0,0,0.55,1,1,0.59,0,0,1
Planteur_Cacao,178000.0,240000.0,89000.0,1,0.76,1,1,0.64,0,1,0
Salarie_Prive,411000.0,224000.0,59000.0,2,0.45,1,0,0.99,0,1,0
Commercant_Informel,278000.0,343000.0,47000.0,0,0.71,1,0,0.28,0,0,0
Fonctionnaire,442000.0,372000.0,82000.0,0,0.37,1,0,0.57,0,0,0
Planteur_Cacao,254000.0,249000.0,11000.0,0,0.13,0,0,0.41,0,0,0
Salarie_Prive,564000.0,805000.0,314000.0,1,0.1,1,0,0.57,0,0,0
Planteur_Cacao,315000.0,262000.0,41000.0,0,0.09,1,0,0.31,1,0,1
Planteur_Cacao,397000.0,384000.0,77000.0,1,0.35,1,0,0.14,0,0,0
Planteur_Cacao,498000.0,256000.0,40000.0,0,0.32,1,0,0.61,0,0,0
Fonctionnaire,421000.0,245000.0,68000.0,0,0.62,1,0,0.4,0,0,0
Salarie_Prive,435000.0,330000.0,90000.0,3,0.64,1,0,0.26,0,1,0
Commercant_Informel,270000.0,143000.0,42000.0,1,0.09,1,0,0.39,0,0,0
Commercant_Informel,272000.0,308000.0,38000.0,0,0.23,0,0,0.14,0,0,0
Fonctionnaire,390000.0,362000.0,51000.0,1,0.27,0,0,0.95,0,0,0
Commercant_Informel,257000.0,269000.0,18000.0,1,0.49,1,0,0.62,0,1,0
Fonctionnaire,548000.0,370000.0,99000.0,2,0.17,1,0,0.83,0,1,0
Commercant_Informel,330000.0,263000.0,9000.0,1,0.16,1,0,0.48,0,0,0
Commercant_Informel,253000.0,295000.0,73000.0,1,0.81,0,1,0.9,0,1,1
Commercant_Informel,343000.0,502000.0,176000.0,0,0.69,1,1,0.53,0,0,0
Planteur_Cacao,340000.0,187000.0,67000.0,0,0.19,0,0,0.61,0,0,0
Salarie_Prive,676000.0,940000.0,179000.0,0,0.38,1,1,0.54,0,0,0
Commercant_Informel,313000.0,337000.0,66000.0,1,0.33,1,1,0.75,0,1,1
Planteur_Cacao,381000.0,405000.0,20000.0,0,0.68,1,0,0.6,0,1,0
Fonctionnaire,456000.0,456000.0,125000.0,0,0.46,0,1,0.34,0,0,0
Commercant_Informel,139000.0,79000.0,26000.0,0,0.15,0,0,0.23,0,0,0
Commercant_Informel,179000.0,105000.0,12000.0,2,0.64,1,0,0.64,0,1,0
Artisan,128000.0,141000.0,25000.0,1,0.37,1,0,0.54,0,1,0
Salarie_Prive,521000.0,439000.0,149000.0,0,0.26,1,0,0.19,0,0,0
Planteur_Cacao,712000.0,1009000.0,356000.0,1,0.35,1,0,0.45,0,0,0
Artisan,334000.0,303000.0,34000.0,2,0.45,0,1,0.56,0,1,0
Salarie_Prive,596000.0,383000.0,88000.0,2,0.32,0,0,0.84,0,1,0
Planteur_Cacao,490000.0,595000.0,55000.0,1,0.24,0,1,0.17,0,0,0
Planteur_Cacao,76000.0,60000.0,4000.0,2,0.37,0,0,0.41,0,1,0
Salarie_Prive,419000.0,429000.0,157000.0,0,0.07,1,1,0.83,0,0,1
Salarie_Prive,382000.0,457000.0,152000.0,1,0.67,0,1,0.68,0,1,1
Commercant_Informel,224000.0,314000.0,97000.0,0,0.19,0,0,0.36,0,0,0
Fonctionnaire,407000.0,525000.0,20000.0,0,0.09,1,1,0.85,0,0,1
Salarie_Prive,429000.0,505000.0,172000.0,0,0.57,0,1,0.54,0,0,1
Planteur_Cacao,60000.0,71000.0,13000.0,0,0.67,1,1,0.54,1,0,1
Planteur_Cacao,535000.0,773000.0,116000.0,0,0.7,0,0,0.97,0,1,0
Planteur_Cacao,207000.0,165000.0,37000.0,0,0.44,1,0,0.94,0,0,0
Salarie_Prive,536000.0,269000.0,15000.0,1,0.21,1,1,0.42,0,1,1
Planteur_Cacao,773000.0,597000.0,184000.0,0,0.64,0,0,0.23,0,0,0
Commercant_Informel,197000.0,142000.0,34000.0,0,0.61,1,1,0.39,0,0,0
Salarie_Prive,120000.0,140000.0,13000.0,1,0.25,1,0,0.13,0,1,0
Fonctionnaire,397000.0,450000.0,41000.0,0,0.77,1,0,0.12,0,1,0
Planteur_Cacao,598000.0,654000.0,59000.0,0,0.13,1,0,0.45,0,0,0
Fonctionnaire,577000.0,298000.0,12000.0,2,0.84,1,0,0.94,0,1,0
Planteur_Cacao,179000.0,220000.0,53000.0,1,0.74,0,0,0.88,0,1,0
Fonctionnaire,460000.0,379000.0,128000.0,0,0.6,0,1,0.56,0,0,0
Planteur_Cacao,316000.0,368000.0,10000.0,1,0.8,1,0,0.6,0,1,0
Commercant_Informel,270000.0,286000.0,11000.0,1,0.63,0,0,0.11,1,1,1
Salarie_Prive,897000.0,756000.0,180000.0,1,0.2,1,1,0.29,0,0,0
Planteur_Cacao,129000.0,82000.0,27000.0,0,0.4,0,0,0.12,0,0,0
Planteur_Cacao,446000.0,265000.0,38000.0,1,0.11,1,1,0.77,0,0,1
Salarie_Prive,570000.0,759000.0,116000.0,1,0.36,1,0,0.23,0,0,0
Salarie_Prive,663000.0,940000.0,232000.0,1,0.64,1,0,0.87,0,1,0
Salarie_Prive,515000.0,592000.0,74000.0,1,0.36,1,0,0.67,0,1,0
Salarie_Prive,546000.0,330000.0,10000.0,1,0.31,0,1,0.3,0,1,0
Commercant_Informel,245000.0,221000.0,66000.0,2,0.53,0,0,0.24,0,1,0
Planteur_Cacao,448000.0,551000.0,142000.0,0,0.75,1,2,0.66,0,0,1
Planteur_Cacao,338000.0,433000.0,104000.0,2,0.09,1,0,0.9,0,1,0
Planteur_Cacao,512000.0,316000.0,96000.0,0,0.36,0,0,0.74,0,0,0
Artisan,178000.0,89000.0,25000.0,0,0.18,0,1,0.41,0,0,0
Commercant_Informel,314000.0,381000.0,37000.0,2,0.61,1,0,0.62,0,1,0
Commercant_Informel,277000.0,238000.0,37000.0,0,0.13,1,0,0.38,0,0,0
Commercant_Informel,381000.0,288000.0,20000.0,1,0.58,0,0,0.99,0,1,0
Artisan,197000.0,101000.0,7000.0,1,0.28,1,0,0.77,0,1,0
Planteur_Cacao,81000.0,84000.0,23000.0,2,0.21,1,0,0.65,0,1,0
Commercant_Informel,394000.0,532000.0,184000.0,0,0.8,1,0,0.48,0,0,0
Commercant_Informel,198000.0,289000.0,112000.0,1,0.06,0,0,0.65,0,0,0
Salarie_Prive,402000.0,428000.0,111000.0,0,0.4,0,0,0.4,0,0,0
Planteur_Cacao,293000.0,297000.0,27000.0,2,0.07,0,0,0.13,0,1,0
Fonctionnaire,530000.0,310000.0,19000.0,0,0.44,0,1,0.45,0,1,0
Artisan,72000.0,75000.0,25000.0,0,0.45,0,0,0.93,0,0,0
Commercant_Informel,562000.0,495000.0,119000.0,0,0.31,1,0,0.66,0,0,0
Salarie_Prive,658000.0,729000.0,186000.0,1,0.16,0,0,0.17,1,0,0
Artisan,213000.0,190000.0,60000.0,1,0.35,1,0,0.89,0,1,0
Salarie_Prive,492000.0,364000.0,105000.0,0,0.59,0,0,0.34,0,0,0
Planteur_Cacao,451000.0,269000.0,91000.0,0,0.68,1,0,0.32,0,0,0
Commercant_Informel,327000.0,266000.0,11000.0,0,0.47,1,1,0.36,1,0,1
Salarie_Prive,597000.0,356000.0,108000.0,0,0.52,0,0,0.61,0,0,0
Commercant_Informel,330000.0,223000.0,77000.0,0,0.21,0,0,0.58,0,0,0
Salarie_Prive,513000.0,764000.0,98000.0,1,0.28,1,1,0.54,0,0,1
Artisan,188000.0,178000.0,47000.0,1,0.18,1,1,0.74,0,0,1
Artisan,191000.0,197000.0,27000.0,3,0.25,1,1,0.38,0,1,0
Commercant_Informel,262000.0,361000.0,138000.0,2,0.23,1,1,0.8,0,1,1
Planteur_Cacao,604000.0,903000.0,30000.0,0,0.47,0,0,0.26,0,0,0
Artisan,236000.0,255000.0,61000.0,0,0.5,1,0,0.8,0,0,0
Fonctionnaire,185000.0,243000.0,20000.0,2,0.81,0,1,0.69,0,1,0
Planteur_Cacao,518000.0,428000.0,125000.0,0,0.21,1,0,0.71,0,0,0
Artisan,212000.0,171000.0,15000.0,0,0.56,0,0,0.53,0,1,0
Fonctionnaire,419000.0,378000.0,41000.0,1,0.7,0,0,0.69,0,1,0
Commercant_Informel,245000.0,287000.0,60000.0,2,0.5,1,0,0.17,0,1,0
Commercant_Informel,381000.0,451000.0,166000.0,1,0.25,1,0,0.86,0,0,0
Commercant_Informel,365000.0,298000.0,30000.0,1,0.26,0,0,0.15,0,1,0
Planteur_Cacao,261000.0,165000.0,12000.0,1,0.08,0,0,0.23,0,1,0
Planteur_Cacao,473000.0,536000.0,165000.0,0,0.29,1,2,0.61,0,0,1
Fonctionnaire,342000.0,215000.0,45000.0,1,0.65,1,0,0.76,1,1,1
Planteur_Cacao,152000.0,164000.0,60000.0,1,0.09,1,1,0.17,0,0,0
Planteur_Cacao,287000.0,343000.0,26000.0,1,0.23,1,0,0.92,0,0,0
Commercant_Informel,358000.0,429000.0,114000.0,1,0.61,1,0,0.97,0,1,0
Commercant_Informel,366000.0,458000.0,50000.0,0,0.68,1,0,0.64,0,0,0
Artisan,231000.0,317000.0,25000.0,0,0.41,0,0,0.53,0,0,0
Planteur_Cacao,531000.0,530000.0,148000.0,1,0.61,0,1,0.76,0,1,1
Planteur_Cacao,493000.0,606000.0,149000.0,2,0.36,0,0,0.39,0,1,0
Salarie_Prive,404000.0,452000.0,139000.0,1,0.18,0,0,0.54,1,1,1
Commercant_Informel,319000.0,219000.0,30000.0,0,0.37,0,0,0.92,0,1,0
Planteur_Cacao,544000.0,286000.0,54000.0,1,0.51,1,0,0.95,0,1,0
Commercant_Informel,348000.0,273000.0,48000.0,1,0.81,1,0,0.93,0,1,0
Planteur_Cacao,614000.0,579000.0,228000.0,0,0.11,0,1,0.33,0,0,0
Planteur_Cacao,527000.0,589000.0,77000.0,0,0.46,1,0,0.31,1,0,0
Commercant_Informel,312000.0,421000.0,56000.0,1,0.31,1,1,0.36,0,1,0
Commercant_Informel,376000.0,262000.0,41000.0,1,0.46,0,1,0.49,0,1,0
Artisan,198000.0,124000.0,29000.0,0,0.07,0,0,0.38,0,0,0
Commercant_Informel,201000.0,294000.0,34000.0,0,0.3,0,0,0.43,0,1,0
Commercant_Informel,265000.0,161000.0,59000.0,0,0.71,1,2,0.65,0,0,1
Salarie_Prive,388000.0,380000.0,46000.0,0,0.49,0,0,0.78,0,1,0
Planteur_Cacao,278000.0,302000.0,109000.0,2,0.41,0,1,0.75,0,1,1
Salarie_Prive,478000.0,498000.0,30000.0,0,0.28,1,0,0.82,0,0,0
Planteur_Cacao,257000.0,151000.0,41000.0,0,0.29,0,0,0.13,0,0,0
Artisan,182000.0,101000.0,37000.0,1,0.36,1,0,0.14,0,1,0
Planteur_Cacao,60000.0,36000.0,3000.0,1,0.72,1,1,0.8,0,1,1
Commercant_Informel,299000.0,325000.0,126000.0,0,0.82,1,0,0.57,0,0,0
Planteur_Cacao,400000.0,418000.0,80000.0,1,0.4,1,0,0.61,0,1,0
Artisan,151000.0,111000.0,42000.0,1,0.36,1,0,0.15,0,0,0
Commercant_Informel,339000.0,386000.0,107000.0,0,0.73,1,0,0.33,0,0,0
Commercant_Informel,364000.0,481000.0,65000.0,0,0.39,1,0,0.67,0,0,0
Planteur_Cacao,111000.0,60000.0,5000.0,1,0.49,1,0,0.86,0,1,0
Salarie_Prive,386000.0,385000.0,52000.0,0,0.23,0,1,0.92,0,0,1
Planteur_Cacao,262000.0,311000.0,17000.0,1,0.64,1,0,0.55,0,1,0
Fonctionnaire,345000.0,259000.0,19000.0,0,0.48,1,0,0.59,0,0,0
Planteur_Cacao,549000.0,444000.0,27000.0,0,0.7,0,1,0.84,0,1,1
Planteur_Cacao,365000.0,407000.0,73000.0,0,0.67,1,1,0.58,0,0,0
Planteur_Cacao,352000.0,493000.0,159000.0,0,0.22,1,1,0.56,0,0,1
Commercant_Informel,100000.0,131000.0,10000.0,1,0.62,1,0,0.91,0,1,0
Commercant_Informel,337000.0,365000.0,25000.0,0,0.69,0,2,0.8,1,1,1
Planteur_Cacao,177000.0,218000.0,58000.0,0,0.33,0,0,0.91,0,0,0
Salarie_Prive,509000.0,440000.0,42000.0,2,0.19,0,0,0.29,0,1,0
Commercant_Informel,305000.0,348000.0,20000.0,0,0.05,0,1,0.57,0,0,0
Commercant_Informel,402000.0,389000.0,32000.0,0,0.41,1,0,0.85,0,0,0
Commercant_Informel,162000.0,112000.0,42000.0,0,0.33,1,0,0.2,0,0,0
Commercant_Informel,60000.0,72000.0,24000.0,0,0.49,1,1,0.81,0,0,1
Commercant_Informel,297000.0,313000.0,48000.0,0,0.2,1,0,0.26,0,0,0
Planteur_Cacao,724000.0,622000.0,167000.0,0,0.74,0,1,0.82,0,0,1
Planteur_Cacao,623000.0,879000.0,197000.0,1,0.26,0,0,0.64,1,1,1
Fonctionnaire,437000.0,228000.0,63000.0,2,0.23,1,0,0.27,0,1,0
Artisan,171000.0,139000.0,39000.0,0,0.43,0,0,0.52,0,0,0
Commercant_Informel,353000.0,196000.0,51000.0,0,0.45,1,0,0.71,0,0,0
Planteur_Cacao,225000.0,285000.0,34000.0,0,0.22,1,0,0.66,0,0,0
Salarie_Prive,571000.0,687000.0,24000.0,1,0.27,0,0,0.48,0,1,0
Commercant_Informel,325000.0,271000.0,52000.0,2,0.19,1,0,0.9,0,1,0
Planteur_Cacao,591000.0,695000.0,249000.0,1,0.62,1,0,0.56,0,1,0
Planteur_Cacao,897000.0,803000.0,190000.0,0,0.67,1,0,0.55,0,0,0
Salarie_Prive,559000.0,702000.0,236000.0,0,0.42,1,1,0.16,0,0,0
Salarie_Prive,424000.0,404000.0,160000.0,0,0.62,0,2,0.92,0,0,1
Planteur_Cacao,395000.0,361000.0,30000.0,1,0.64,0,1,0.26,0,1,0
Planteur_Cacao,82000.0,117000.0,33000.0,0,0.16,1,1,0.57,0,0,0
Planteur_Cacao,275000.0,206000.0,57000.0,1,0.82,1,1,0.82,0,1,1
Salarie_Prive,439000.0,272000.0,107000.0,0,0.71,0,1,0.29,0,0,0
Planteur_Cacao,306000.0,332000.0,131000.0,1,0.21,0,1,0.57,0,0,0
Planteur_Cacao,427000.0,628000.0,176000.0,0,0.2,1,0,0.31,0,0,0
Salarie_Prive,377000.0,331000.0,37000.0,0,0.15,1,0,0.78,0,0,0
Planteur_Cacao,602000.0,338000.0,109000.0,0,0.16,0,0,0.6,0,0,0
Salarie_Prive,500000.0,420000.0,25000.0,2,0.65,1,0,0.86,0,1,0
Planteur_Cacao,398000.0,401000.0,127000.0,0,0.43,1,1,0.9,0,0,1
Planteur_Cacao,341000.0,226000.0,83000.0,0,0.68,1,1,0.68,0,0,1
Planteur_Cacao,428000.0,496000.0,82000.0,0,0.65,1,1,0.75,0,0,1
Salarie_Prive,624000.0,934000.0,243000.0,0,0.53,1,0,0.59,0,0,0
Fonctionnaire,351000.0,334000.0,61000.0,2,0.6,1,1,0.44,0,1,0
Fonctionnaire,367000.0,314000.0,59000.0,0,0.06,0,0,0.68,0,0,0
Commercant_Informel,253000.0,228000.0,31000.0,0,0.3,1,0,0.91,0,0,0
Salarie_Prive,298000.0,183000.0,57000.0,0,0.56,1,0,0.47,1,0,1
Planteur_Cacao,253000.0,349000.0,131000.0,0,0.06,1,0,0.38,0,0,0
Planteur_Cacao,314000.0,288000.0,109000.0,0,0.08,0,1,0.45,0,0,0
Fonctionnaire,490000.0,435000.0,38000.0,0,0.73,1,0,0.49,0,0,0
Planteur_Cacao,447000.0,519000.0,183000.0,0,0.6,1,0,0.17,0,0,0
Planteur_Cacao,435000.0,410000.0,123000.0,0,0.26,1,0,0.54,0,0,0
Planteur_Cacao,553000.0,635000.0,74000.0,0,0.6,0,0,0.54,0,1,0
Planteur_Cacao,375000.0,211000.0,10000.0,1,0.68,1,2,0.62,0,1,1
Planteur_Cacao,470000.0,618000.0,75000.0,1,0.3,1,1,0.42,1,0,1
Commercant_Informel,271000.0,390000.0,143000.0,0,0.08,1,1,0.65,0,0,1
Commercant_Informel,304000.0,349000.0,91000.0,0,0.8,0,1,0.88,0,1,1
Fonctionnaire,373000.0,543000.0,160000.0,0,0.33,1,0,0.95,0,0,0
Fonctionnaire,225000.0,147000.0,17000.0,1,0.14,0,0,0.62,0,1,0
Planteur_Cacao,376000.0,367000.0,108000.0,2,0.44,0,0,0.14,0,1,0
Planteur_Cacao,656000.0,723000.0,22000.0,1,0.66,0,0,0.96,0,1,0
Commercant_Informel,363000.0,393000.0,64000.0,0,0.23,1,0,0.73,0,0,0
Commercant_Informel,367000.0,331000.0,85000.0,1,0.27,0,0,0.4,0,0,0
Planteur_Cacao,623000.0,522000.0,39000.0,0,0.24,1,1,0.23,0,0,0
Salarie_Prive,513000.0,322000.0,107000.0,0,0.84,1,0,0.23,1,0,1
Commercant_Informel,298000.0,266000.0,29000.0,1,0.21,0,0,0.25,0,1,0
Commercant_Informel,224000.0,149000.0,40000.0,0,0.51,1,2,0.14,0,0,1
Commercant_Informel,252000.0,311000.0,54000.0,1,0.79,1,0,0.9,0,1,0
Planteur_Cacao,511000.0,362000.0,89000.0,0,0.17,1,0,0.58,0,0,0
Artisan,272000.0,152000.0,9000.0,0,0.83,1,1,0.72,0,1,0
Salarie_Prive,479000.0,504000.0,13000.0,0,0.81,1,0,0.84,0,0,0
Planteur_Cacao,319000.0,349000.0,128000.0,0,0.76,0,0,0.8,0,0,0
Fonctionnaire,420000.0,576000.0,71000.0,1,0.22,0,0,0.89,0,0,0
Commercant_Informel,334000.0,360000.0,119000.0,0,0.56,0,0,0.96,0,0,0
Fonctionnaire,304000.0,257000.0,103000.0,0,0.66,1,0,0.49,0,0,0
Salarie_Prive,156000.0,203000.0,20000.0,2,0.84,0,0,0.95,0,1,0
Commercant_Informel,230000.0,240000.0,29000.0,0,0.19,1,0,0.74,0,0,0
Planteur_Cacao,180000.0,104000.0,28000.0,2,0.66,1,0,0.16,0,1,0
Planteur_Cacao,309000.0,329000.0,127000.0,0,0.32,1,0,0.71,0,0,0
Commercant_Informel,267000.0,376000.0,138000.0,1,0.19,1,0,0.71,0,0,0
Salarie_Prive,432000.0,387000.0,82000.0,1,0.39,1,1,0.91,0,1,1
Planteur_Cacao,661000.0,527000.0,170000.0,1,0.69,1,0,0.43,0,1,0
Planteur_Cacao,459000.0,295000.0,21000.0,0,0.42,1,0,0.62,0,0,0
Fonctionnaire,444000.0,289000.0,113000.0,1,0.48,1,0,0.11,0,1,0
Artisan,237000.0,221000.0,86000.0,1,0.85,1,0,0.4,1,1,1
Commercant_Informel,178000.0,194000.0,16000.0,0,0.37,0,0,0.16,0,0,0
Planteur_Cacao,587000.0,341000.0,46000.0,0,0.54,0,0,0.56,0,1,0
Planteur_Cacao,386000.0,556000.0,32000.0,1,0.34,1,0,0.83,0,1,0
Planteur_Cacao,521000.0,654000.0,81000.0,0,0.36,1,0,0.28,0,0,0
Artisan,136000.0,147000.0,49000.0,0,0.61,0,0,0.57,0,0,1
Planteur_Cacao,120000.0,160000.0,26000.0,1,0.8,1,0,0.28,0,1,0
Commercant_Informel,354000.0,205000.0,11000.0,0,0.48,0,0,0.21,0,1,0
Planteur_Cacao,468000.0,457000.0,69000.0,0,0.66,1,0,0.55,0,0,0
Commercant_Informel,199000.0,225000.0,88000.0,1,0.12,0,0,0.17,0,0,0
Salarie_Prive,370000.0,491000.0,127000.0,3,0.22,1,0,0.62,0,1,0
Fonctionnaire,510000.0,655000.0,117000.0,2,0.45,1,0,0.13,0,1,0
Planteur_Cacao,186000.0,144000.0,12000.0,0,0.07,0,0,0.19,0,0,0
Planteur_Cacao,696000.0,1002000.0,396000.0,0,0.25,1,2,0.59,0,0,1
Planteur_Cacao,238000.0,149000.0,49000.0,0,0.46,1,0,0.63,0,0,0
Artisan,238000.0,328000.0,42000.0,1,0.06,1,0,0.13,0,0,0
Fonctionnaire,394000.0,579000.0,27000.0,0,0.26,0,0,0.61,0,1,0
Commercant_Informel,334000.0,226000.0,9000.0,0,0.46,1,1,0.85,0,1,1
Salarie_Prive,418000.0,511000.0,34000.0,0,0.51,1,1,0.74,0,0,1
Salarie_Prive,476000.0,257000.0,62000.0,2,0.79,1,0,0.22,0,1,0
Planteur_Cacao,407000.0,369000.0,138000.0,0,0.57,1,1,0.63,0,0,1
Artisan,140000.0,142000.0,30000.0,0,0.38,0,1,0.7,0,0,1
Commercant_Informel,347000.0,375000.0,127000.0,1,0.79,1,0,0.13,0,1,0
Commercant_Informel,234000.0,336000.0,64000.0,1,0.68,1,0,0.86,0,1,0
Commercant_Informel,259000.0,304000.0,88000.0,1,0.21,1,0,0.91,0,0,0
Planteur_Cacao,221000.0,217000.0,65000.0,1,0.15,1,0,0.86,0,0,0
Planteur_Cacao,60000.0,79000.0,7000.0,1,0.59,1,0,0.83,0,1,0
Salarie_Prive,471000.0,684000.0,108000.0,2,0.5,1,0,0.76,0,1,0
Planteur_Cacao,834000.0,436000.0,114000.0,0,0.68,1,0,0.66,0,1,0
Salarie_Prive,618000.0,916000.0,43000.0,1,0.64,0,0,0.7,0,1,0
Planteur_Cacao,397000.0,232000.0,37000.0,0,0.55,1,0,0.82,0,0,0
Commercant_Informel,256000.0,337000.0,75000.0,0,0.84,0,1,0.69,0,1,1
Planteur_Cacao,404000.0,315000.0,126000.0,1,0.48,1,0,0.39,0,1,0
Commercant_Informel,329000.0,208000.0,42000.0,0,0.14,1,2,0.43,0,0,1
Salarie_Prive,323000.0,303000.0,100000.0,0,0.71,1,1,0.9,0,0,1
Planteur_Cacao,601000.0,687000.0,127000.0,0,0.25,1,0,0.12,0,0,0
Commercant_Informel,344000.0,303000.0,98000.0,3,0.67,0,0,0.72,0,1,0
Commercant_Informel,345000.0,191000.0,47000.0,1,0.82,0,0,0.95,0,1,0
Salarie_Prive,566000.0,622000.0,222000.0,0,0.61,0,1,0.73,1,0,1
Artisan,201000.0,282000.0,50000.0,3,0.53,1,2,0.98,0,1,1
Salarie_Prive,601000.0,531000.0,132000.0,0,0.42,1,2,0.71,0,0,1
Planteur_Cacao,507000.0,363000.0,94000.0,0,0.34,1,2,0.13,0,0,1
Planteur_Cacao,336000.0,317000.0,57000.0,1,0.33,0,1,0.84,0,1,1
Planteur_Cacao,297000.0,163000.0,12000.0,0,0.56,1,1,0.35,0,0,0
Commercant_Informel,289000.0,382000.0,21000.0,2,0.65,1,0,0.5,1,1,1
Planteur_Cacao,679000.0,900000.0,24000.0,2,0.59,1,1,0.38,0,1,0
Commercant_Informel,168000.0,183000.0,65000.0,0,0.21,1,0,0.34,0,0,0
Commercant_Informel,148000.0,126000.0,14000.0,0,0.45,0,0,0.48,0,1,0
Planteur_Cacao,430000.0,558000.0,56000.0,0,0.68,1,0,0.44,0,0,0
Salarie_Prive,508000.0,535000.0,160000.0,0,0.43,1,0,0.66,0,0,0
Planteur_Cacao,431000.0,572000.0,81000.0,0,0.48,1,0,0.82,0,0,0
Planteur_Cacao,444000.0,502000.0,107000.0,0,0.67,0,0,0.36,0,0,0
Salarie_Prive,467000.0,599000.0,49000.0,0,0.58,1,0,0.29,0,0,0
Commercant_Informel,414000.0,455000.0,175000.0,1,0.38,0,0,0.69,0,1,0
Salarie_Prive,260000.0,238000.0,82000.0,1,0.77,1,0,0.7,0,1,0
Commercant_Informel,205000.0,300000.0,104000.0,0,0.18,0,0,0.9,0,0,0
Planteur_Cacao,381000.0,397000.0,69000.0,2,0.85,0,0,0.11,0,1,0
Fonctionnaire,289000.0,319000.0,99000.0,1,0.15,1,0,0.86,0,0,0
Salarie_Prive,474000.0,341000.0,25000.0,1,0.06,1,1,0.56,0,1,1
Salarie_Prive,749000.0,843000.0,20000.0,1,0.76,1,0,0.65,0,1,0
Planteur_Cacao,404000.0,433000.0,12000.0,1,0.25,1,1,0.18,0,1,0
Commercant_Informel,301000.0,206000.0,50000.0,2,0.63,0,2,0.49,0,1,1
Commercant_Informel,167000.0,93000.0,18000.0,1,0.7,1,0,0.3,0,1,0
Planteur_Cacao,289000.0,319000.0,69000.0,1,0.74,1,0,0.33,0,1,0
Artisan,177000.0,224000.0,5000.0,2,0.84,1,0,0.55,1,1,1
Planteur_Cacao,343000.0,351000.0,63000.0,0,0.29,1,0,0.82,0,0,0
Artisan,277000.0,201000.0,59000.0,0,0.62,0,0,0.76,0,1,0
Commercant_Informel,330000.0,385000.0,72000.0,1,0.14,1,1,0.63,0,0,0
Planteur_Cacao,200000.0,116000.0,35000.0,1,0.38,0,0,0.58,0,1,0
Commercant_Informel,302000.0,285000.0,31000.0,0,0.73,0,1,0.48,0,0,0
Fonctionnaire,460000.0,305000.0,100000.0,1,0.34,1,0,0.97,0,1,0
Salarie_Prive,671000.0,459000.0,112000.0,0,0.52,1,0,0.6,1,0,1
Fonctionnaire,546000.0,384000.0,38000.0,1,0.45,0,0,0.33,0,1,0
Salarie_Prive,348000.0,308000.0,34000.0,0,0.57,1,1,0.3,0,0,0
Salarie_Prive,378000.0,209000.0,54000.0,1,0.83,1,0,0.64,0,1,0
Fonctionnaire,319000.0,287000.0,96000.0,2,0.09,1,0,0.57,0,1,0
Planteur_Cacao,358000.0,362000.0,64000.0,0,0.51,1,0,0.11,0,0,0
Commercant_Informel,322000.0,317000.0,37000.0,1,0.74,0,0,0.84,0,1,0
Planteur_Cacao,578000.0,510000.0,178000.0,0,0.44,1,2,0.73,0,0,1
Artisan,195000.0,262000.0,72000.0,1,0.11,1,0,0.69,0,0,0
Artisan,181000.0,117000.0,22000.0,1,0.5,0,0,0.16,0,1,0
Planteur_Cacao,427000.0,430000.0,88000.0,0,0.32,0,0,0.42,0,0,0
Salarie_Prive,375000.0,211000.0,21000.0,0,0.17,1,0,0.93,0,0,0
Artisan,325000.0,186000.0,48000.0,3,0.73,0,0,0.87,1,1,1
Planteur_Cacao,111000.0,119000.0,19000.0,0,0.47,1,0,0.35,0,0,0
Commercant_Informel,297000.0,316000.0,126000.0,0,0.8,0,0,0.24,0,1,0
Artisan,321000.0,443000.0,90000.0,0,0.69,1,1,0.5,0,0,1
Planteur_Cacao,401000.0,424000.0,87000.0,1,0.6,1,0,0.42,0,1,0
Salarie_Prive,471000.0,688000.0,162000.0,0,0.05,0,0,0.71,1,0,1
Planteur_Cacao,336000.0,184000.0,68000.0,1,0.39,1,1,0.96,1,0,1
Artisan,189000.0,113000.0,37000.0,1,0.21,0,1,0.42,0,1,0
Artisan,282000.0,154000.0,29000.0,0,0.78,1,0,0.16,0,0,0
Artisan,67000.0,46000.0,14000.0,0,0.19,0,0,0.9,0,0,0
Commercant_Informel,418000.0,435000.0,106000.0,0,0.28,0,1,0.13,0,0,0
Fonctionnaire,306000.0,351000.0,73000.0,1,0.46,1,0,0.95,0,0,0
Fonctionnaire,399000.0,218000.0,20000.0,0,0.26,0,0,0.69,0,0,0
Planteur_Cacao,323000.0,467000.0,92000.0,2,0.22,1,4,0.94,0,1,1
Fonctionnaire,467000.0,627000.0,71000.0,0,0.53,0,0,0.28,0,1,0
Planteur_Cacao,112000.0,89000.0,33000.0,1,0.12,1,0,0.14,0,0,0
Commercant_Informel,322000.0,186000.0,27000.0,0,0.1,0,0,0.53,0,0,0
Planteur_Cacao,764000.0,512000.0,196000.0,0,0.35,1,2,0.5,0,0,1
Planteur_Cacao,155000.0,97000.0,22000.0,0,0.63,1,0,0.4,0,0,0
Planteur_Cacao,434000.0,271000.0,70000.0,0,0.49,1,1,0.95,0,0,1
Salarie_Prive,401000.0,408000.0,92000.0,0,0.39,1,0,0.83,0,0,0
Planteur_Cacao,477000.0,356000.0,25000.0,0,0.5,0,0,0.69,0,1,0
Salarie_Prive,503000.0,432000.0,70000.0,1,0.34,1,0,0.24,0,0,0
Planteur_Cacao,285000.0,424000.0,24000.0,2,0.8,0,0,0.75,0,1,0
Planteur_Cacao,488000.0,578000.0,148000.0,2,0.09,1,0,0.75,0,1,0
Commercant_Informel,442000.0,641000.0,122000.0,2,0.59,1,0,0.48,0,1,0
Salarie_Prive,471000.0,303000.0,96000.0,1,0.76,1,1,0.92,0,1,1
Planteur_Cacao,530000.0,467000.0,48000.0,0,0.69,0,0,0.25,0,1,0
Salarie_Prive,306000.0,323000.0,27000.0,0,0.2,0,1,0.34,0,1,1
Fonctionnaire,343000.0,198000.0,35000.0,1,0.29,1,0,0.16,0,0,0
Salarie_Prive,571000.0,288000.0,107000.0,1,0.62,1,1,0.81,0,1,1
Planteur_Cacao,667000.0,781000.0,226000.0,0,0.12,1,1,0.65,0,0,0
Planteur_Cacao,464000.0,530000.0,95000.0,1,0.7,0,0,0.38,0,1,0
Fonctionnaire,395000.0,360000.0,78000.0,0,0.63,1,0,0.25,1,0,1
Planteur_Cacao,400000.0,396000.0,21000.0,0,0.63,0,0,0.14,0,1,0
Fonctionnaire,320000.0,293000.0,115000.0,2,0.13,1,1,0.25,0,1,0
Commercant_Informel,334000.0,175000.0,48000.0,0,0.62,0,2,0.5,1,1,1
Artisan,253000.0,211000.0,27000.0,2,0.59,0,1,0.32,0,1,0
Salarie_Prive,432000.0,293000.0,71000.0,0,0.71,1,0,0.33,0,0,0
Artisan,172000.0,103000.0,6000.0,1,0.08,1,1,0.88,0,1,1
Commercant_Informel,304000.0,443000.0,171000.0,0,0.07,1,0,0.56,0,0,0
Salarie_Prive,434000.0,478000.0,41000.0,1,0.35,1,0,0.75,0,1,0
Commercant_Informel,274000.0,337000.0,90000.0,1,0.17,0,0,0.13,0,0,0
Commercant_Informel,469000.0,382000.0,43000.0,1,0.5,1,0,0.42,0,0,0
Salarie_Prive,463000.0,413000.0,121000.0,0,0.78,0,0,0.53,0,0,0
Fonctionnaire,391000.0,288000.0,91000.0,0,0.36,1,0,0.27,0,0,0
Artisan,161000.0,96000.0,27000.0,2,0.73,1,0,0.21,0,1,0
Salarie_Prive,612000.0,415000.0,105000.0,1,0.05,1,0,0.87,0,0,0
Commercant_Informel,264000.0,342000.0,123000.0,1,0.18,1,0,0.94,0,0,0
Commercant_Informel,222000.0,261000.0,13000.0,1,0.07,1,0,0.17,0,0,0
Salarie_Prive,698000.0,731000.0,107000.0,0,0.31,1,1,0.41,0,0,0
Planteur_Cacao,656000.0,639000.0,73000.0,2,0.78,1,0,0.95,0,1,0
Planteur_Cacao,292000.0,415000.0,164000.0,0,0.13,1,0,0.17,0,0,0
Commercant_Informel,112000.0,64000.0,11000.0,1,0.54,1,0,0.67,0,1,0
Planteur_Cacao,581000.0,454000.0,135000.0,0,0.41,1,0,0.97,1,0,1
Planteur_Cacao,277000.0,235000.0,66000.0,1,0.8,1,4,0.97,0,1,1
Planteur_Cacao,542000.0,695000.0,70000.0,0,0.15,0,0,0.52,0,0,0
Planteur_Cacao,60000.0,90000.0,10000.0,1,0.22,1,1,0.24,0,1,0
Planteur_Cacao,561000.0,415000.0,53000.0,0,0.07,0,1,0.28,0,0,0
Artisan,127000.0,175000.0,31000.0,1,0.4,1,1,0.89,0,0,1
Commercant_Informel,346000.0,460000.0,50000.0,0,0.27,0,1,0.91,0,0,1
Commercant_Informel,281000.0,204000.0,6000.0,2,0.75,1,1,0.64,0,1,1
Salarie_Prive,357000.0,321000.0,114000.0,1,0.53,0,2,0.78,0,1,1
Planteur_Cacao,327000.0,297000.0,115000.0,0,0.54,1,0,0.76,0,0,0
Artisan,241000.0,357000.0,53000.0,2,0.48,0,0,0.69,0,1,0
Salarie_Prive,516000.0,351000.0,52000.0,0,0.12,1,1,0.84,0,0,1
Planteur_Cacao,505000.0,656000.0,15000.0,0,0.41,1,0,0.71,0,0,0
Commercant_Informel,458000.0,382000.0,106000.0,0,0.85,0,0,0.58,0,0,0
Fonctionnaire,295000.0,363000.0,121000.0,0,0.72,1,0,0.31,0,0,0
Artisan,297000.0,273000.0,21000.0,0,0.76,1,0,0.76,0,0,0
Commercant_Informel,289000.0,312000.0,25000.0,1,0.71,1,0,0.52,0,1,0
Salarie_Prive,365000.0,487000.0,156000.0,0,0.13,1,2,0.36,0,0,1
Planteur_Cacao,161000.0,209000.0,53000.0,2,0.23,0,2,0.81,0,1,1
Artisan,189000.0,258000.0,10000.0,0,0.05,1,0,0.72,0,0,0
Planteur_Cacao,566000.0,317000.0,81000.0,1,0.29,0,0,0.93,0,1,0
Artisan,192000.0,229000.0,32000.0,0,0.14,1,1,0.25,0,0,0
Salarie_Prive,727000.0,465000.0,74000.0,1,0.43,1,0,0.68,0,1,0
Salarie_Prive,282000.0,259000.0,81000.0,0,0.59,0,1,0.32,0,0,0
Commercant_Informel,279000.0,292000.0,96000.0,0,0.75,0,1,0.9,0,1,1
Planteur_Cacao,175000.0,158000.0,27000.0,0,0.65,0,0,0.19,0,1,0
Planteur_Cacao,465000.0,475000.0,180000.0,0,0.8,1,1,0.68,0,0,1
Planteur_Cacao,560000.0,838000.0,146000.0,1,0.09,1,0,0.8,0,0,0
Planteur_Cacao,324000.0,206000.0,65000.0,0,0.06,1,0,0.42,0,0,0
Salarie_Prive,109000.0,129000.0,26000.0,0,0.58,1,0,0.95,0,0,0
Commercant_Informel,298000.0,267000.0,96000.0,1,0.28,1,1,0.86,0,0,1
Planteur_Cacao,479000.0,303000.0,111000.0,0,0.25,0,0,0.36,0,0,0
Artisan,224000.0,148000.0,8000.0,1,0.31,0,1,0.11,0,1,0
Fonctionnaire,519000.0,752000.0,283000.0,0,0.27,1,1,0.36,0,0,0
Artisan,136000.0,187000.0,62000.0,0,0.46,1,1,0.35,0,0,0
Artisan,241000.0,339000.0,109000.0,0,0.4,0,0,0.89,0,0,0
Planteur_Cacao,615000.0,917000.0,88000.0,0,0.46,1,0,0.96,0,0,0
Commercant_Informel,120000.0,85000.0,28000.0,1,0.59,1,0,0.16,0,1,0
Salarie_Prive,548000.0,469000.0,161000.0,1,0.36,1,1,0.52,0,0,0
Salarie_Prive,424000.0,496000.0,64000.0,0,0.25,1,0,0.59,0,0,0
Planteur_Cacao,385000.0,379000.0,145000.0,0,0.18,0,0,0.18,0,0,0
Fonctionnaire,448000.0,411000.0,16000.0,1,0.33,1,1,0.44,0,0,0
Planteur_Cacao,312000.0,268000.0,21000.0,1,0.64,1,0,0.38,0,1,0
Planteur_Cacao,278000.0,304000.0,68000.0,0,0.66,1,0,0.58,0,0,0
Commercant_Informel,283000.0,304000.0,73000.0,0,0.58,0,0,0.69,0,0,0
Commercant_Informel,182000.0,120000.0,32000.0,0,0.24,0,0,0.73,0,0,0
Commercant_Informel,182000.0,177000.0,5000.0,0,0.52,1,0,0.22,0,0,0
Planteur_Cacao,522000.0,550000.0,212000.0,0,0.51,1,0,0.82,0,0,0
Fonctionnaire,328000.0,351000.0,13000.0,1,0.44,1,0,0.7,0,1,0
Planteur_Cacao,520000.0,369000.0,27000.0,1,0.49,1,1,0.89,0,1,1
Planteur_Cacao,483000.0,600000.0,15000.0,1,0.44,0,1,0.5,0,1,0
Fonctionnaire,282000.0,148000.0,35000.0,0,0.5,1,1,0.9,0,0,1
Artisan,159000.0,136000.0,51000.0,0,0.62,1,0,0.87,0,0,0
Fonctionnaire,516000.0,660000.0,180000.0,2,0.14,0,1,0.49,0,1,1
Fonctionnaire,342000.0,363000.0,121000.0,0,0.65,1,0,0.44,0,0,0
Salarie_Prive,430000.0,328000.0,8000.0,1,0.16,0,0,0.93,0,1,0
Commercant_Informel,322000.0,384000.0,87000.0,1,0.1,1,1,0.74,0,1,0
Planteur_Cacao,541000.0,577000.0,112000.0,0,0.83,1,1,0.93,0,0,1
Commercant_Informel,257000.0,334000.0,70000.0,1,0.82,0,0,0.81,0,1,0
Commercant_Informel,226000.0,279000.0,13000.0,0,0.1,1,0,0.64,0,0,0
Planteur_Cacao,656000.0,728000.0,204000.0,0,0.4,0,0,0.2,0,0,0
Salarie_Prive,761000.0,752000.0,159000.0,1,0.2,1,0,0.36,0,0,0
Commercant_Informel,368000.0,233000.0,72000.0,0,0.44,1,1,0.96,0,0,1
Planteur_Cacao,415000.0,316000.0,65000.0,1,0.71,0,0,0.38,0,1,0
Planteur_Cacao,255000.0,234000.0,18000.0,2,0.81,1,0,0.18,0,1,0
Salarie_Prive,375000.0,413000.0,110000.0,1,0.56,0,1,0.73,0,1,1
Planteur_Cacao,494000.0,501000.0,43000.0,0,0.33,1,1,0.75,0,0,1
Fonctionnaire,453000.0,357000.0,126000.0,0,0.53,1,1,0.35,1,0,1
Commercant_Informel,406000.0,206000.0,52000.0,0,0.3,1,0,0.36,0,0,0
Commercant_Informel,339000.0,337000.0,27000.0,1,0.78,1,2,0.52,0,1,1
Commercant_Informel,145000.0,114000.0,44000.0,2,0.75,1,0,0.12,0,1,0
Fonctionnaire,504000.0,622000.0,135000.0,2,0.5,1,0,0.8,0,1,0
Planteur_Cacao,220000.0,115000.0,6000.0,1,0.31,1,0,0.38,0,1,0
Salarie_Prive,442000.0,480000.0,124000.0,1,0.28,1,1,0.86,0,0,1
Commercant_Informel,303000.0,436000.0,51000.0,2,0.08,0,1,0.81,0,1,1
Planteur_Cacao,759000.0,512000.0,167000.0,0,0.7,1,2,0.69,0,0,1
Fonctionnaire,669000.0,650000.0,215000.0,0,0.41,0,0,0.39,0,0,0
Salarie_Prive,591000.0,350000.0,137000.0,1,0.31,1,1,0.56,1,0,1
Salarie_Prive,473000.0,532000.0,112000.0,1,0.43,1,1,0.5,0,0,0
Fonctionnaire,463000.0,486000.0,94000.0,1,0.7,0,0,0.4,0,1,0
Fonctionnaire,491000.0,446000.0,136000.0,1,0.15,1,1,0.85,0,0,1
Salarie_Prive,452000.0,462000.0,32000.0,0,0.74,1,1,0.53,0,1,0
Fonctionnaire,564000.0,787000.0,179000.0,0,0.77,1,1,0.84,0,0,1
Salarie_Prive,535000.0,372000.0,85000.0,0,0.81,1,0,0.19,0,0,0
Salarie_Prive,575000.0,300000.0,16000.0,1,0.37,1,0,0.23,0,0,0
Salarie_Prive,600000.0,817000.0,146000.0,1,0.22,0,1,0.97,0,1,1
Salarie_Prive,563000.0,607000.0,209000.0,0,0.35,1,1,0.62,0,0,1
Planteur_Cacao,551000.0,766000.0,265000.0,0,0.32,0,1,0.55,0,0,1
Fonctionnaire,371000.0,407000.0,23000.0,0,0.19,0,0,0.57,0,0,0
Fonctionnaire,375000.0,492000.0,27000.0,0,0.54,1,0,0.29,0,0,0
Planteur_Cacao,202000.0,188000.0,22000.0,2,0.43,1,0,0.74,0,1,0
Fonctionnaire,455000.0,569000.0,200000.0,2,0.74,0,0,0.18,0,1,0
Planteur_Cacao,540000.0,763000.0,53000.0,0,0.08,0,0,0.61,0,0,0
Planteur_Cacao,482000.0,517000.0,152000.0,0,0.57,1,1,0.61,0,0,0
Salarie_Prive,751000.0,511000.0,30000.0,1,0.66,1,1,0.91,0,1,1
Planteur_Cacao,399000.0,307000.0,79000.0,1,0.66,1,0,0.57,0,1,0
Fonctionnaire,473000.0,331000.0,51000.0,0,0.76,1,0,0.22,1,0,0
Fonctionnaire,333000.0,248000.0,79000.0,2,0.63,1,0,0.61,0,1,0
Commercant_Informel,245000.0,198000.0,22000.0,1,0.79,0,1,0.18,0,1,0
Planteur_Cacao,525000.0,554000.0,146000.0,2,0.32,1,0,0.28,0,1,0
Planteur_Cacao,553000.0,601000.0,66000.0,1,0.45,0,1,0.13,0,1,0
Salarie_Prive,456000.0,422000.0,123000.0,0,0.06,1,1,0.56,0,0,1
Artisan,196000.0,218000.0,77000.0,0,0.06,1,0,0.18,0,0,0
Salarie_Prive,272000.0,158000.0,11000.0,0,0.24,1,1,0.52,0,0,0
Planteur_Cacao,336000.0,197000.0,69000.0,0,0.13,0,1,0.93,0,0,1
Salarie_Prive,634000.0,426000.0,105000.0,0,0.26,0,1,0.74,0,0,1
Commercant_Informel,332000.0,338000.0,23000.0,1,0.19,0,0,0.17,0,1,0
Salarie_Prive,575000.0,411000.0,75000.0,0,0.07,1,0,0.3,0,0,0
Planteur_Cacao,409000.0,320000.0,26000.0,0,0.78,1,0,0.7,0,1,0
Salarie_Prive,501000.0,451000.0,129000.0,1,0.06,1,0,0.9,0,0,0
Commercant_Informel,221000.0,289000.0,89000.0,0,0.64,1,0,0.13,0,0,0
Artisan,242000.0,124000.0,7000.0,3,0.17,0,0,0.82,0,1,0
Planteur_Cacao,476000.0,547000.0,116000.0,0,0.78,1,0,0.6,0,1,0
Salarie_Prive,574000.0,671000.0,221000.0,1,0.76,0,0,0.59,0,1,0
Artisan,168000.0,219000.0,82000.0,0,0.57,1,0,0.95,0,0,0
Planteur_Cacao,60000.0,86000.0,18000.0,0,0.59,0,0,0.77,0,0,0
Artisan,266000.0,138000.0,53000.0,1,0.05,0,1,0.86,0,1,1
Salarie_Prive,428000.0,280000.0,63000.0,2,0.84,1,0,0.42,0,1,0
Planteur_Cacao,245000.0,339000.0,58000.0,1,0.75,0,0,0.59,0,1,0
Planteur_Cacao,525000.0,503000.0,172000.0,1,0.77,1,1,0.65,0,1,1
Salarie_Prive,441000.0,470000.0,97000.0,1,0.58,1,1,0.39,0,1,0
Planteur_Cacao,591000.0,687000.0,137000.0,1,0.33,0,0,0.61,0,0,0
Commercant_Informel,336000.0,396000.0,82000.0,0,0.76,0,1,0.31,0,0,1
Planteur_Cacao,523000.0,749000.0,256000.0,2,0.28,1,0,0.23,0,1,0
Salarie_Prive,295000.0,442000.0,148000.0,0,0.5,1,1,0.43,0,0,0
Planteur_Cacao,618000.0,754000.0,131000.0,0,0.13,0,1,0.76,0,0,1
Fonctionnaire,441000.0,347000.0,51000.0,3,0.79,0,1,0.92,0,1,1
Artisan,178000.0,245000.0,51000.0,0,0.16,1,0,0.51,0,0,0
Artisan,209000.0,115000.0,27000.0,2,0.23,0,1,0.67,0,1,1
Salarie_Prive,234000.0,171000.0,19000.0,1,0.5,1,0,0.19,0,1,0
Planteur_Cacao,474000.0,662000.0,213000.0,0,0.66,1,0,0.9,0,0,0
Salarie_Prive,346000.0,261000.0,54000.0,0,0.55,1,0,0.61,0,0,0
Planteur_Cacao,157000.0,113000.0,17000.0,0,0.24,1,1,0.79,0,0,1
Planteur_Cacao,126000.0,80000.0,5000.0,1,0.05,0,1,0.81,0,0,1
Planteur_Cacao,600000.0,816000.0,90000.0,0,0.66,1,0,0.33,0,1,0
Commercant_Informel,223000.0,223000.0,85000.0,1,0.84,0,0,0.57,0,1,0
Salarie_Prive,730000.0,858000.0,117000.0,0,0.7,1,0,0.95,0,0,0
Salarie_Prive,420000.0,310000.0,26000.0,0,0.42,0,1,0.18,0,1,0
Commercant_Informel,126000.0,159000.0,31000.0,1,0.77,0,2,0.71,0,1,1
Planteur_Cacao,199000.0,251000.0,34000.0,0,0.38,0,0,0.96,0,0,0
Artisan,274000.0,223000.0,7000.0,1,0.47,1,1,0.37,0,1,1
Commercant_Informel,266000.0,242000.0,35000.0,0,0.43,1,0,0.87,0,0,0
Commercant_Informel,231000.0,164000.0,37000.0,0,0.41,0,0,0.93,0,0,0
Planteur_Cacao,429000.0,633000.0,145000.0,0,0.67,0,0,0.76,1,0,1
Salarie_Prive,575000.0,659000.0,102000.0,0,0.47,1,0,0.31,1,0,1
Salarie_Prive,668000.0,958000.0,182000.0,1,0.3,0,1,0.4,0,1,0
Planteur_Cacao,661000.0,531000.0,205000.0,0,0.26,1,0,0.13,0,0,0
Planteur_Cacao,335000.0,430000.0,70000.0,0,0.08,1,0,0.84,0,0,0
Salarie_Prive,301000.0,381000.0,45000.0,0,0.52,0,2,0.86,0,1,1
Salarie_Prive,438000.0,522000.0,59000.0,1,0.23,1,0,0.66,0,0,0
Planteur_Cacao,447000.0,655000.0,127000.0,1,0.17,0,1,0.41,0,1,0
Artisan,142000.0,127000.0,39000.0,2,0.57,1,1,0.17,0,1,0
Planteur_Cacao,228000.0,144000.0,14000.0,0,0.59,1,0,0.77,0,0,0
Commercant_Informel,311000.0,364000.0,105000.0,1,0.65,1,0,0.75,0,1,0
Artisan,197000.0,242000.0,7000.0,1,0.45,1,0,0.91,0,1,0
Commercant_Informel,283000.0,304000.0,55000.0,1,0.77,0,0,0.75,0,1,0
Salarie_Prive,386000.0,273000.0,86000.0,3,0.8,1,2,0.84,0,1,1
Commercant_Informel,259000.0,260000.0,39000.0,1,0.7,1,0,0.76,0,1,0
Planteur_Cacao,234000.0,190000.0,44000.0,2,0.56,1,0,0.66,0,1,0
Artisan,253000.0,235000.0,23000.0,2,0.29,1,0,0.48,0,1,0
Commercant_Informel,373000.0,427000.0,129000.0,0,0.84,0,0,0.9,0,1,0
Fonctionnaire,272000.0,339000.0,14000.0,0,0.27,1,0,0.68,0,0,0
Planteur_Cacao,233000.0,170000.0,59000.0,0,0.21,1,0,0.45,0,0,0
Planteur_Cacao,131000.0,118000.0,11000.0,0,0.4,0,0,0.17,0,0,0
Planteur_Cacao,283000.0,218000.0,77000.0,1,0.1,0,1,0.36,0,0,0
Salarie_Prive,487000.0,341000.0,52000.0,0,0.83,0,1,0.58,0,1,0
Commercant_Informel,150000.0,192000.0,57000.0,1,0.52,1,0,0.35,0,1,0
Fonctionnaire,346000.0,488000.0,69000.0,0,0.5,1,1,0.3,0,0,0
Commercant_Informel,190000.0,165000.0,60000.0,0,0.57,0,0,0.57,0,0,0
Artisan,212000.0,266000.0,18000.0,0,0.45,0,0,0.25,0,1,0
Planteur_Cacao,412000.0,576000.0,51000.0,1,0.08,1,0,0.81,0,0,0
Fonctionnaire,362000.0,488000.0,101000.0,1,0.54,0,0,0.53,0,1,0
Salarie_Prive,527000.0,360000.0,18000.0,1,0.62,1,1,0.61,0,1,1
Salarie_Prive,418000.0,609000.0,58000.0,0,0.38,1,0,0.23,0,0,0
Fonctionnaire,398000.0,349000.0,132000.0,0,0.66,0,1,0.39,0,0,0
Salarie_Prive,751000.0,630000.0,246000.0,0,0.23,0,0,0.46,0,0,0
Salarie_Prive,701000.0,394000.0,64000.0,0,0.23,1,0,0.82,0,0,0
Planteur_Cacao,166000.0,164000.0,61000.0,0,0.18,0,0,0.79,0,0,0
Planteur_Cacao,549000.0,335000.0,76000.0,1,0.35,1,0,0.3,0,0,0
Artisan,249000.0,186000.0,23000.0,0,0.73,1,0,0.65,0,1,0
Salarie_Prive,328000.0,268000.0,77000.0,0,0.71,0,0,0.32,0,1,0
Salarie_Prive,623000.0,815000.0,220000.0,1,0.36,0,1,0.98,0,1,1
Commercant_Informel,418000.0,576000.0,228000.0,2,0.52,1,1,0.95,0,1,1
Planteur_Cacao,198000.0,159000.0,19000.0,0,0.63,1,0,0.6,0,0,0
Planteur_Cacao,235000.0,319000.0,88000.0,0,0.24,1,0,0.72,0,0,0
Salarie_Prive,653000.0,886000.0,35000.0,1,0.18,0,1,0.81,0,1,1
Commercant_Informel,304000.0,385000.0,24000.0,0,0.83,1,0,0.74,0,1,0
Planteur_Cacao,499000.0,323000.0,7000.0,0,0.54,0,0,0.72,0,0,0
Commercant_Informel,311000.0,370000.0,148000.0,1,0.84,0,0,0.95,0,1,0
Planteur_Cacao,470000.0,680000.0,221000.0,0,0.32,0,0,0.63,0,0,0
Commercant_Informel,161000.0,190000.0,61000.0,1,0.61,1,2,0.67,0,0,1
Planteur_Cacao,589000.0,489000.0,105000.0,1,0.23,0,2,0.86,0,1,1
Salarie_Prive,675000.0,676000.0,91000.0,2,0.26,1,0,0.7,0,1,0
Planteur_Cacao,359000.0,411000.0,32000.0,1,0.46,1,1,0.75,0,1,1
Commercant_Informel,276000.0,279000.0,36000.0,1,0.31,1,0,0.31,0,1,0
Planteur_Cacao,124000.0,77000.0,13000.0,1,0.18,1,0,0.43,0,1,0
Planteur_Cacao,493000.0,400000.0,123000.0,1,0.26,0,0,0.23,0,1,0
Commercant_Informel,331000.0,432000.0,97000.0,2,0.08,1,0,0.55,0,1,0
Commercant_Informel,274000.0,374000.0,18000.0,2,0.61,1,0,0.51,0,1,0
Salarie_Prive,669000.0,426000.0,11000.0,0,0.44,0,0,0.99,0,0,0
Planteur_Cacao,340000.0,494000.0,29000.0,1,0.13,1,1,0.64,0,1,0
Salarie_Prive,585000.0,485000.0,85000.0,0,0.19,0,1,0.8,0,0,1
Fonctionnaire,338000.0,393000.0,147000.0,0,0.13,1,0,0.4,0,0,0
Salarie_Prive,496000.0,621000.0,163000.0,0,0.54,1,0,0.84,0,0,0
Planteur_Cacao,369000.0,484000.0,157000.0,0,0.13,0,0,0.65,0,0,0
Commercant_Informel,300000.0,434000.0,86000.0,0,0.65,1,0,0.72,0,0,0
Planteur_Cacao,333000.0,271000.0,43000.0,2,0.07,1,1,0.36,0,1,0
Planteur_Cacao,376000.0,511000.0,31000.0,1,0.25,1,1,0.59,0,1,1
Artisan,250000.0,158000.0,56000.0,1,0.76,1,0,0.66,0,1,0
Planteur_Cacao,321000.0,387000.0,123000.0,0,0.62,1,0,0.62,0,0,0
Commercant_Informel,135000.0,168000.0,14000.0,3,0.11,1,0,0.91,0,1,0
Salarie_Prive,762000.0,898000.0,193000.0,0,0.71,1,0,0.9,0,0,0
Salarie_Prive,707000.0,532000.0,109000.0,1,0.44,0,0,0.96,0,1,0
Commercant_Informel,164000.0,225000.0,58000.0,0,0.73,1,0,0.69,0,0,0
Planteur_Cacao,524000.0,351000.0,133000.0,1,0.53,1,0,0.97,0,1,0
Planteur_Cacao,309000.0,171000.0,41000.0,0,0.6,1,0,0.84,0,0,0
Commercant_Informel,304000.0,370000.0,83000.0,1,0.84,0,0,0.34,0,1,0
Planteur_Cacao,453000.0,442000.0,17000.0,3,0.24,0,0,0.48,0,1,0
Commercant_Informel,259000.0,349000.0,15000.0,0,0.55,0,1,0.31,0,1,0
Planteur_Cacao,259000.0,229000.0,21000.0,0,0.42,0,0,0.1,0,0,0
Planteur_Cacao,276000.0,184000.0,6000.0,0,0.08,1,0,0.27,0,0,0
Commercant_Informel,198000.0,264000.0,80000.0,0,0.06,1,0,0.1,0,0,0
Planteur_Cacao,250000.0,263000.0,77000.0,1,0.15,1,1,0.74,0,1,1
Commercant_Informel,274000.0,189000.0,14000.0,1,0.57,1,0,0.48,0,1,0
Salarie_Prive,393000.0,479000.0,162000.0,2,0.5,1,0,0.38,0,1,0
Fonctionnaire,475000.0,480000.0,38000.0,0,0.49,1,1,0.78,0,0,1
Planteur_Cacao,668000.0,737000.0,99000.0,1,0.08,0,1,0.84,0,0,1
Planteur_Cacao,296000.0,284000.0,33000.0,1,0.43,0,0,0.97,0,1,0
Planteur_Cacao,443000.0,589000.0,95000.0,0,0.79,1,1,0.67,0,0,1
Salarie_Prive,575000.0,764000.0,89000.0,2,0.37,0,1,0.51,0,1,0
Salarie_Prive,571000.0,690000.0,142000.0,1,0.55,1,0,0.37,0,1,0
Planteur_Cacao,414000.0,250000.0,44000.0,0,0.67,1,1,0.3,0,0,0
Artisan,245000.0,327000.0,129000.0,0,0.68,1,0,0.29,0,0,0
Planteur_Cacao,487000.0,570000.0,24000.0,0,0.47,1,1,0.46,0,0,1
Commercant_Informel,169000.0,202000.0,15000.0,1,0.74,1,0,0.98,0,1,0
Salarie_Prive,630000.0,544000.0,22000.0,0,0.36,0,2,0.1,0,0,1
Fonctionnaire,491000.0,677000.0,175000.0,2,0.76,1,0,0.28,0,1,0
Salarie_Prive,386000.0,472000.0,19000.0,1,0.24,1,2,0.27,0,1,1
Fonctionnaire,423000.0,259000.0,88000.0,1,0.27,1,0,0.74,0,0,0
Planteur_Cacao,523000.0,475000.0,102000.0,1,0.09,1,0,0.41,0,0,0
Fonctionnaire,403000.0,559000.0,123000.0,0,0.69,0,0,0.51,0,0,0
Planteur_Cacao,593000.0,325000.0,76000.0,1,0.38,1,2,0.23,0,1,1
Fonctionnaire,609000.0,890000.0,76000.0,2,0.23,0,0,0.46,0,1,0
Commercant_Informel,209000.0,247000.0,23000.0,2,0.24,0,0,0.19,0,1,0
Fonctionnaire,310000.0,350000.0,49000.0,1,0.77,1,1,0.57,0,1,1
Commercant_Informel,307000.0,237000.0,58000.0,0,0.72,1,0,0.19,0,0,0
Salarie_Prive,608000.0,455000.0,45000.0,0,0.49,0,0,0.8,0,1,0
Commercant_Informel,259000.0,374000.0,24000.0,0,0.54,0,0,0.6,0,1,0
Salarie_Prive,718000.0,573000.0,223000.0,1,0.43,1,0,0.74,0,1,0
Planteur_Cacao,159000.0,203000.0,6000.0,1,0.36,0,1,0.47,0,1,1
Planteur_Cacao,525000.0,469000.0,152000.0,0,0.78,0,0,0.44,0,1,0
Planteur_Cacao,291000.0,186000.0,59000.0,1,0.15,1,0,0.19,1,0,1
Planteur_Cacao,709000.0,362000.0,48000.0,1,0.38,1,1,0.57,0,1,1
Fonctionnaire,579000.0,605000.0,43000.0,1,0.33,0,0,0.56,0,1,0
Planteur_Cacao,262000.0,387000.0,29000.0,3,0.45,0,2,0.52,0,1,1
Artisan,167000.0,145000.0,41000.0,2,0.42,1,0,0.76,0,1,0
Planteur_Cacao,555000.0,476000.0,126000.0,0,0.47,1,0,0.84,0,0,0
Planteur_Cacao,330000.0,279000.0,89000.0,0,0.16,1,0,0.77,0,0,0
Salarie_Prive,493000.0,503000.0,189000.0,0,0.46,1,0,0.23,0,0,0
Salarie_Prive,504000.0,474000.0,134000.0,0,0.24,0,1,0.65,0,0,0
Commercant_Informel,107000.0,148000.0,12000.0,0,0.2,1,1,0.17,0,0,0
Commercant_Informel,279000.0,280000.0,32000.0,0,0.1,1,0,0.72,1,0,1
Salarie_Prive,397000.0,400000.0,136000.0,1,0.66,1,1,0.44,0,1,1
Planteur_Cacao,311000.0,199000.0,20000.0,1,0.39,1,0,0.22,0,1,0
Artisan,287000.0,425000.0,20000.0,0,0.55,1,0,0.87,1,0,1
Artisan,125000.0,93000.0,27000.0,0,0.63,1,0,0.65,0,0,0
Salarie_Prive,622000.0,357000.0,62000.0,0,0.59,1,0,0.42,0,1,0
Planteur_Cacao,350000.0,407000.0,150000.0,2,0.43,1,0,0.13,0,1,0
Salarie_Prive,458000.0,502000.0,134000.0,0,0.36,1,1,0.58,0,0,0
Planteur_Cacao,542000.0,496000.0,27000.0,0,0.35,1,0,0.92,0,0,0
Planteur_Cacao,461000.0,425000.0,162000.0,2,0.56,0,0,0.63,0,1,0
Planteur_Cacao,503000.0,646000.0,76000.0,2,0.45,1,0,0.96,1,1,1
Commercant_Informel,367000.0,255000.0,38000.0,0,0.73,1,0,0.22,0,0,0
Fonctionnaire,393000.0,520000.0,90000.0,2,0.75,0,0,0.61,1,1,1
Salarie_Prive,408000.0,469000.0,19000.0,1,0.19,1,1,0.81,0,1,1
Salarie_Prive,337000.0,310000.0,65000.0,1,0.16,0,2,0.57,0,0,1
Commercant_Informel,206000.0,197000.0,13000.0,0,0.55,1,0,0.18,0,1,0
Planteur_Cacao,931000.0,704000.0,121000.0,2,0.29,1,0,0.62,0,1,0
Commercant_Informel,392000.0,491000.0,75000.0,0,0.06,0,1,0.64,0,0,1
Artisan,119000.0,120000.0,38000.0,0,0.76,0,1,0.75,0,0,1
Planteur_Cacao,162000.0,133000.0,43000.0,1,0.23,1,0,0.78,0,0,0
Fonctionnaire,459000.0,503000.0,39000.0,2,0.79,1,1,0.79,0,1,1
Commercant_Informel,329000.0,492000.0,78000.0,2,0.62,1,2,0.69,0,1,1
Commercant_Informel,329000.0,308000.0,50000.0,0,0.66,0,0,0.29,0,0,0
Salarie_Prive,462000.0,656000.0,51000.0,2,0.21,0,1,0.46,0,1,0
Commercant_Informel,269000.0,227000.0,73000.0,0,0.24,1,1,0.79,0,0,1
Fonctionnaire,446000.0,248000.0,71000.0,0,0.47,1,0,0.95,0,0,0
Artisan,205000.0,144000.0,13000.0,1,0.19,1,0,0.17,0,1,0
Commercant_Informel,80000.0,74000.0,12000.0,1,0.29,1,0,0.58,0,1,0
Planteur_Cacao,359000.0,258000.0,16000.0,0,0.31,1,1,0.38,0,0,0
Commercant_Informel,203000.0,102000.0,26000.0,1,0.18,1,0,0.3,0,1,0
Artisan,211000.0,298000.0,20000.0,1,0.21,1,0,0.55,1,1,1
Planteur_Cacao,937000.0,1260000.0,497000.0,1,0.68,0,0,0.64,0,0,0
Salarie_Prive,555000.0,690000.0,218000.0,0,0.18,0,0,0.11,1,0,0
Salarie_Prive,453000.0,303000.0,51000.0,0,0.07,1,0,0.79,0,0,0
Salarie_Prive,638000.0,396000.0,95000.0,0,0.55,1,0,0.83,0,0,0
Planteur_Cacao,487000.0,276000.0,101000.0,0,0.83,0,0,0.96,0,1,0
Salarie_Prive,563000.0,689000.0,159000.0,2,0.31,1,0,0.26,1,1,0
Artisan,236000.0,338000.0,29000.0,1,0.14,0,0,0.63,0,0,0
Planteur_Cacao,770000.0,717000.0,117000.0,1,0.51,1,0,0.48,0,1,0
Planteur_Cacao,196000.0,122000.0,41000.0,0,0.78,1,0,0.4,0,1,0
Artisan,228000.0,231000.0,61000.0,0,0.68,1,0,0.6,0,0,0
Planteur_Cacao,233000.0,198000.0,53000.0,1,0.55,1,0,0.8,0,0,0
Fonctionnaire,464000.0,406000.0,142000.0,0,0.3,0,1,0.12,0,0,0
Commercant_Informel,197000.0,221000.0,80000.0,0,0.48,1,1,0.96,0,0,1
Planteur_Cacao,325000.0,396000.0,146000.0,1,0.12,1,1,0.82,0,0,1
Fonctionnaire,396000.0,242000.0,14000.0,0,0.59,1,1,0.77,0,0,1
Commercant_Informel,368000.0,197000.0,45000.0,0,0.63,0,1,0.78,1,0,1
Commercant_Informel,363000.0,542000.0,163000.0,0,0.82,1,0,0.45,0,0,0
Commercant_Informel,168000.0,123000.0,38000.0,1,0.26,1,1,0.77,0,0,1
Commercant_Informel,285000.0,158000.0,40000.0,0,0.06,1,1,0.44,0,0,0
Planteur_Cacao,272000.0,188000.0,16000.0,1,0.49,1,0,0.9,0,1,0
Commercant_Informel,167000.0,90000.0,29000.0,0,0.62,1,1,0.26,0,0,0
Artisan,187000.0,167000.0,49000.0,1,0.68,0,0,0.36,0,1,0
Planteur_Cacao,344000.0,449000.0,24000.0,0,0.2,1,1,0.59,0,0,1
Salarie_Prive,864000.0,727000.0,143000.0,0,0.26,1,1,0.38,0,0,0
Planteur_Cacao,478000.0,451000.0,39000.0,1,0.46,0,0,0.48,0,1,0
Salarie_Prive,293000.0,345000.0,51000.0,1,0.31,1,0,0.54,0,1,0
Planteur_Cacao,298000.0,301000.0,8000.0,0,0.74,1,0,0.86,0,0,0
Artisan,261000.0,356000.0,61000.0,0,0.43,1,1,0.57,0,0,0
Commercant_Informel,468000.0,639000.0,146000.0,2,0.69,1,0,0.42,0,1,0
Planteur_Cacao,115000.0,58000.0,15000.0,1,0.51,0,0,0.32,0,1,0
Planteur_Cacao,62000.0,79000.0,21000.0,0,0.67,1,1,0.46,0,0,0
Planteur_Cacao,737000.0,708000.0,239000.0,0,0.32,1,0,0.56,0,0,0
Commercant_Informel,315000.0,469000.0,48000.0,0,0.72,0,0,0.76,0,0,0
Planteur_Cacao,244000.0,240000.0,16000.0,1,0.27,1,1,0.21,0,1,0
Fonctionnaire,463000.0,688000.0,236000.0,0,0.49,1,0,0.3,0,0,0
Commercant_Informel,60000.0,75000.0,6000.0,0,0.22,1,0,0.44,0,0,0
Planteur_Cacao,401000.0,300000.0,117000.0,1,0.43,1,0,0.42,0,0,0
Salarie_Prive,549000.0,570000.0,194000.0,1,0.3,0,0,0.45,0,1,0
Salarie_Prive,639000.0,953000.0,200000.0,1,0.26,0,1,0.81,0,1,1
Planteur_Cacao,217000.0,295000.0,116000.0,0,0.82,1,0,0.39,0,0,0
Planteur_Cacao,415000.0,248000.0,14000.0,0,0.18,1,2,0.55,0,0,1
Planteur_Cacao,233000.0,282000.0,38000.0,0,0.68,1,0,0.66,0,0,0
Salarie_Prive,538000.0,455000.0,119000.0,0,0.84,1,0,0.31,0,1,0
Salarie_Prive,366000.0,185000.0,28000.0,1,0.07,1,0,0.74,0,0,0
Commercant_Informel,243000.0,220000.0,82000.0,0,0.61,1,0,0.59,0,0,0
Fonctionnaire,340000.0,250000.0,11000.0,1,0.25,0,0,0.5,0,1,0
Fonctionnaire,472000.0,623000.0,142000.0,2,0.08,0,0,0.82,0,1,0
Commercant_Informel,357000.0,299000.0,73000.0,2,0.37,1,0,0.32,0,1,0
Fonctionnaire,401000.0,533000.0,143000.0,0,0.8,1,0,0.89,0,0,0
Planteur_Cacao,407000.0,204000.0,24000.0,0,0.06,1,0,0.6,0,0,0
Planteur_Cacao,139000.0,112000.0,18000.0,0,0.52,0,0,0.64,0,0,0
Planteur_Cacao,346000.0,256000.0,87000.0,1,0.45,0,0,0.88,0,1,0
Planteur_Cacao,391000.0,287000.0,27000.0,1,0.75,0,0,0.83,0,1,0
Commercant_Informel,516000.0,293000.0,98000.0,2,0.12,1,0,0.64,0,1,0
Artisan,133000.0,92000.0,21000.0,1,0.6,0,0,0.77,0,1,0
Planteur_Cacao,664000.0,700000.0,217000.0,2,0.59,1,0,0.49,0,1,0
Planteur_Cacao,579000.0,459000.0,134000.0,2,0.59,1,0,0.59,0,1,0
Commercant_Informel,305000.0,280000.0,28000.0,0,0.8,1,2,0.16,0,1,1
Artisan,306000.0,268000.0,63000.0,1,0.71,1,1,0.18,0,1,0
Planteur_Cacao,467000.0,643000.0,225000.0,0,0.08,1,0,0.84,0,0,0
Commercant_Informel,315000.0,443000.0,82000.0,2,0.43,1,1,0.15,0,1,0
Planteur_Cacao,390000.0,388000.0,150000.0,0,0.37,1,1,0.25,0,0,0
Planteur_Cacao,620000.0,515000.0,99000.0,0,0.3,1,0,0.81,0,0,0
Artisan,266000.0,161000.0,12000.0,0,0.41,1,0,0.1,1,0,1
Artisan,162000.0,236000.0,40000.0,0,0.36,1,0,0.35,0,0,0
Planteur_Cacao,163000.0,91000.0,35000.0,1,0.4,1,0,0.62,0,1,0
Artisan,188000.0,150000.0,21000.0,0,0.83,1,0,0.63,0,1,0
Salarie_Prive,380000.0,303000.0,106000.0,0,0.12,1,0,0.79,0,0,0
Fonctionnaire,415000.0,340000.0,121000.0,1,0.79,0,2,0.55,1,1,1
Commercant_Informel,391000.0,260000.0,40000.0,0,0.43,1,0,0.55,0,0,0
Commercant_Informel,239000.0,306000.0,16000.0,0,0.55,1,1,0.75,0,0,1
Commercant_Informel,276000.0,172000.0,51000.0,1,0.71,1,0,0.54,0,1,0
Salarie_Prive,509000.0,577000.0,80000.0,0,0.34,0,0,0.64,0,0,0
Planteur_Cacao,553000.0,345000.0,109000.0,0,0.39,0,1,0.9,0,0,1
Planteur_Cacao,60000.0,34000.0,6000.0,0,0.38,1,0,0.46,0,0,0
Planteur_Cacao,291000.0,410000.0,84000.0,1,0.35,1,0,0.44,0,1,0
Salarie_Prive,532000.0,367000.0,116000.0,0,0.79,0,0,0.1,0,0,0
Planteur_Cacao,616000.0,814000.0,135000.0,0,0.71,0,0,0.65,0,0,0
Salarie_Prive,426000.0,445000.0,84000.0,0,0.14,0,0,0.13,0,0,0
Artisan,87000.0,51000.0,8000.0,0,0.14,0,0,0.55,0,0,0
Planteur_Cacao,512000.0,745000.0,119000.0,1,0.39,0,0,0.82,0,1,0
Salarie_Prive,405000.0,302000.0,66000.0,0,0.13,1,0,0.59,0,0,0
Commercant_Informel,173000.0,235000.0,77000.0,0,0.55,1,2,0.34,0,0,1
Fonctionnaire,370000.0,247000.0,39000.0,2,0.16,1,0,0.8,0,1,0
Planteur_Cacao,367000.0,497000.0,109000.0,0,0.47,0,0,0.34,0,0,0
Salarie_Prive,409000.0,210000.0,58000.0,0,0.06,1,0,0.75,0,0,0
Fonctionnaire,244000.0,246000.0,30000.0,0,0.3,0,1,0.64,0,0,0
Artisan,254000.0,322000.0,40000.0,0,0.59,1,1,0.25,0,0,0
Salarie_Prive,691000.0,992000.0,372000.0,1,0.44,1,1,0.91,0,0,1
Commercant_Informel,339000.0,477000.0,141000.0,1,0.83,0,0,0.28,0,1,0
Salarie_Prive,329000.0,435000.0,104000.0,2,0.75,1,0,0.98,0,1,0
Fonctionnaire,404000.0,561000.0,149000.0,0,0.34,1,2,0.11,1,0,1
Commercant_Informel,279000.0,195000.0,6000.0,0,0.09,1,0,0.33,0,0,0
Planteur_Cacao,508000.0,398000.0,101000.0,0,0.73,1,0,0.28,0,0,0
Artisan,240000.0,189000.0,40000.0,0,0.78,1,0,0.11,0,1,0
Salarie_Prive,390000.0,342000.0,78000.0,1,0.71,1,0,0.75,0,1,0
Salarie_Prive,512000.0,458000.0,72000.0,1,0.15,1,0,0.72,0,0,0
Planteur_Cacao,482000.0,504000.0,26000.0,1,0.85,0,0,0.81,0,1,0
Salarie_Prive,718000.0,474000.0,44000.0,1,0.26,0,1,0.33,0,1,0
Commercant_Informel,343000.0,409000.0,156000.0,0,0.63,1,0,0.5,0,0,0
Salarie_Prive,618000.0,413000.0,72000.0,1,0.78,0,0,0.69,0,1,0
Planteur_Cacao,415000.0,336000.0,66000.0,1,0.24,1,1,0.49,0,0,0
Salarie_Prive,712000.0,714000.0,29000.0,0,0.78,1,1,0.72,0,0,1
Artisan,225000.0,291000.0,10000.0,0,0.3,1,2,0.66,0,0,1
Planteur_Cacao,245000.0,304000.0,89000.0,1,0.83,0,1,0.2,0,1,0
Artisan,284000.0,326000.0,73000.0,2,0.28,0,0,0.8,0,1,0
Commercant_Informel,343000.0,225000.0,48000.0,0,0.81,1,0,0.74,1,1,1
Fonctionnaire,385000.0,403000.0,45000.0,1,0.09,1,0,0.68,0,0,0
Salarie_Prive,428000.0,251000.0,76000.0,0,0.62,1,1,0.24,0,0,0
Commercant_Informel,307000.0,269000.0,23000.0,0,0.48,1,0,0.34,0,0,0
Salarie_Prive,569000.0,520000.0,48000.0,1,0.43,1,0,0.45,0,1,0
Fonctionnaire,436000.0,235000.0,46000.0,0,0.23,1,0,0.35,0,0,0
Commercant_Informel,308000.0,238000.0,31000.0,1,0.61,0,0,0.3,0,1,0
Planteur_Cacao,706000.0,1028000.0,117000.0,0,0.2,1,0,0.82,0,0,0
Salarie_Prive,661000.0,960000.0,255000.0,3,0.49,0,1,0.67,0,1,1
Fonctionnaire,435000.0,371000.0,99000.0,1,0.25,0,0,0.6,0,1,0
Salarie_Prive,641000.0,348000.0,116000.0,0,0.81,1,1,0.3,0,1,0
Salarie_Prive,345000.0,234000.0,42000.0,0,0.07,0,0,0.92,1,0,1
Commercant_Informel,316000.0,282000.0,13000.0,0,0.21,0,0,0.27,0,0,0
Fonctionnaire,565000.0,818000.0,101000.0,1,0.24,1,0,0.81,0,0,0
Planteur_Cacao,361000.0,231000.0,91000.0,1,0.38,1,1,0.96,0,0,1
Commercant_Informel,204000.0,257000.0,63000.0,1,0.24,0,0,0.75,0,0,0
Planteur_Cacao,283000.0,172000.0,50000.0,1,0.44,1,0,0.98,0,1,0
Planteur_Cacao,204000.0,302000.0,7000.0,0,0.75,1,0,0.68,0,0,0
Commercant_Informel,209000.0,185000.0,40000.0,1,0.62,1,2,0.29,0,1,1
Commercant_Informel,247000.0,315000.0,11000.0,0,0.51,0,0,0.28,1,0,1
Salarie_Prive,289000.0,244000.0,58000.0,1,0.12,0,0,0.39,0,1,0
Commercant_Informel,281000.0,317000.0,117000.0,1,0.61,0,0,0.11,0,1,0
Commercant_Informel,361000.0,250000.0,97000.0,0,0.18,1,0,0.71,0,0,0
Planteur_Cacao,237000.0,153000.0,34000.0,0,0.68,1,0,0.34,0,0,0
Commercant_Informel,417000.0,599000.0,116000.0,0,0.25,1,0,0.83,0,0,0
Planteur_Cacao,492000.0,697000.0,264000.0,0,0.38,0,1,0.42,0,0,1
Planteur_Cacao,586000.0,812000.0,224000.0,1,0.33,1,0,0.53,0,0,0
Salarie_Prive,401000.0,452000.0,20000.0,1,0.74,1,0,0.96,0,1,0
Salarie_Prive,628000.0,822000.0,162000.0,1,0.15,1,0,0.32,0,0,0
Salarie_Prive,336000.0,191000.0,21000.0,1,0.5,1,0,0.74,1,1,1
Commercant_Informel,360000.0,301000.0,60000.0,1,0.16,0,0,0.77,0,1,0
Commercant_Informel,295000.0,240000.0,46000.0,0,0.61,0,0,0.3,0,1,0
Fonctionnaire,464000.0,527000.0,127000.0,1,0.77,0,0,0.55,0,1,0
